class template, instantiations, multiple overload instantiations, loc, definition file path, line
com::sun::star::uno::Reference, //12443, //771, //66, //include/com/sun/star/uno/Reference.h, //215
rtl::Reference, //1111, //261, //98, //include/rtl/ref.hxx, //54
com::sun::star::uno::Sequence, //3466, //174, //49, //include/com/sun/star/uno/Sequence.h, //51
osl::Guard, //44, //2, //21, //include/osl/mutex.hxx, //123
oox::RefVector, //36, //31, //103, //include/oox/helper/refvector.hxx, //40
sw::UnoImplPtr, //20, //1, //21, //sw/inc/unobaseclass.hxx, //95
o3tl::detail::simple_pool_impl, //0, //0, //43, //include/o3tl/vector_pool.hxx, //30
ww::SortedArray, //1, //1, //64, //sw/source/filter/ww8/sortedarray.hxx, //36
tools::WeakReference, //29, //1, //109, //include/tools/weakbase.h, //71
osl::ClearableGuard, //1, //1, //30, //include/osl/mutex.hxx, //157
rtl::Static, //2, //2, //16, //include/rtl/instance.hxx, //399
comphelper::OPropertyArrayUsageHelper, //32, //27, //42, //include/comphelper/proparrhlp.hxx, //49
loplugin::Plugin::Registration, //19, //19, //11, //compilerplugins/clang/plugin.hxx, //157
oox::OptValue, //29, //5, //24, //include/oox/helper/helper.hxx, //191
Collection, //0, //0, //220, //forms/source/xforms/collection.hxx, //51
oox::drawingml::chart::ModelRef, //66, //16, //14, //include/oox/drawingml/chart/modelbase.hxx, //36
salhelper::SingletonRef, //7, //4, //51, //include/salhelper/singletonref.hxx, //65
pcr::HandlerComponentBase, //9, //9, //23, //extensions/source/propctrlr/propertyhandler.hxx, //387
Test, //2, //2, //41, //sal/qa/rtl/strings/test_strings_toint.cxx, //21
com::sun::star::uno::WeakReference, //45, //23, //16, //include/cppuhelper/weakref.hxx, //119
comphelper::OAggregationArrayUsageHelper, //1, //1, //20, //include/comphelper/proparrhlp.hxx, //92
xmloff::OColumnImport, //2, //1, //33, //xmloff/source/forms/elementimport.hxx, //602
xmloff::OContainerImport, //5, //3, //66, //xmloff/source/forms/elementimport.hxx, //561
TrueColorPixelPtr, //20, //5, //11, //vcl/source/gdi/bmpfast.cxx, //45
connectivity::jdbc::GlobalRef, //0, //0, //56, //connectivity/source/inc/java/GlobalRef.hxx, //39
connectivity::jdbc::LocalRef, //1, //1, //42, //connectivity/source/inc/java/LocalRef.hxx, //40
inprocserv::ComSmart, //14, //2, //83, //embedserv/source/inprocserv/smartpointer.hxx, //27
osl::LongPathBuffer, //4, //3, //29, //sal/osl/w32/path_helper.hxx, //70
NamedCollection, //0, //0, //85, //forms/source/xforms/namedcollection.hxx, //30
ToolsList, //3, //1, //9, //include/vcl/textdata.hxx, //160
chart::CommonFunctors::FirstOfPairEquals, //0, //0, //13, //chart2/source/inc/CommonFunctors.hxx, //142
chart::CommonFunctors::SecondOfPairEquals, //0, //0, //13, //chart2/source/inc/CommonFunctors.hxx, //163
svt::GenericEditImplementation, //17, //1, //108, //include/svtools/editbrowsebox.hxx, //157
canvas::GraphicDeviceBase, //1, //1, //216, //include/canvas/base/graphicdevicebase.hxx, //104
rtl::Allocator, //9, //5, //63, //include/rtl/allocator.hxx, //43
rtl::StaticWithInit, //1, //0, //18, //include/rtl/instance.hxx, //608
o3tl::cow_wrapper, //15, //7, //86, //include/o3tl/cow_wrapper.hxx, //165
store::PageHolderObject, //36, //5, //107, //store/source/storbase.hxx, //647
comphelper::SequenceAsVector, //3, //3, //80, //include/comphelper/sequenceasvector.hxx, //43
osl::ResettableGuard, //1, //1, //25, //include/osl/mutex.hxx, //203
XclExpRecordList, //41, //33, //43, //sc/source/filter/inc/xerecord.hxx, //324
salhelper::ODynamicLoader, //3, //1, //66, //include/salhelper/dynload.hxx, //105
o3tl::heap_ptr, //25, //2, //135, //include/o3tl/heap_ptr.hxx, //75
o3tl::sorted_vector, //12, //7, //104, //include/o3tl/sorted_vector.hxx, //32
vcl::DeleteOnDeinit, //1, //1, //12, //include/vcl/lazydelete.hxx, //238
sfx::ItemControlConnection, //11, //6, //58, //include/sfx2/itemconnect.hxx, //235
sfx::SingleControlWrapper, //2, //1, //23, //include/sfx2/controlwrapper.hxx, //188
sfx::ValueSetWrapper, //5, //3, //28, //include/sfx2/controlwrapper.hxx, //386
PropertyWrapper, //0, //0, //14, //xmloff/source/chart/MultiPropertySetHandler.hxx, //65
SvRefMemberList, //3, //1, //49, //include/tools/ref.hxx, //101
SwIterator, //0, //0, //12, //sw/inc/switerator.hxx, //25
oox::drawingml::chart::ModelMap, //2, //1, //14, //include/oox/drawingml/chart/modelbase.hxx, //77
oox::drawingml::chart::ModelVector, //7, //7, //13, //include/oox/drawingml/chart/modelbase.hxx, //57
writerfilter::OutputWithDepth, //8, //1, //72, //writerfilter/inc/resourcemodel/OutputWithDepth.hxx, //32
basegfx::BasicRange, //3, //2, //196, //include/basegfx/range/basicrange.hxx, //30
connectivity::OSubComponent, //10, //5, //28, //include/connectivity/OSubComponent.hxx, //50
basebmp::NonStandardAccessor, //2, //1, //26, //include/basebmp/accessor.hxx, //74
basebmp::PackedPixelIterator, //3, //3, //126, //include/basebmp/packedpixeliterator.hxx, //481
basebmp::PixelIterator, //4, //2, //118, //include/basebmp/pixeliterator.hxx, //198
basebmp::StandardAccessor, //4, //2, //25, //include/basebmp/accessor.hxx, //33
TitleImpl, //0, //0, //107, //sc/source/ui/vba/vbatitle.hxx, //35
pcr::StlSyntaxSequence, //0, //0, //28, //extensions/source/propctrlr/pcrcommon.hxx, //77
comphelper::module::OAutoRegistration, //6, //6, //9, //comphelper/source/inc/comphelper_module.hxx, //56
comphelper::module::OSingletonRegistration, //2, //2, //9, //comphelper/source/inc/comphelper_module.hxx, //69
PageHolderObject, //15, //2, //92, //store/workben/t_page.cxx, //324
canvas::BitmapCanvasBase, //1, //1, //47, //include/canvas/base/bitmapcanvasbase.hxx, //64
canvas::CanvasBase, //1, //1, //285, //include/canvas/base/canvasbase.hxx, //97
frm::OMultiInstanceAutoRegistration, //4, //1, //21, //forms/source/inc/forms_module.hxx, //122
frm::OOneInstanceAutoRegistration, //4, //1, //21, //forms/source/inc/forms_module.hxx, //165
comphelper::EventHolder, //0, //0, //13, //include/comphelper/asyncnotification.hxx, //161
rtl_Instance, //4, //2, //80, //include/rtl/instance.hxx, //266
APIPropertyAccessor, //0, //0, //16, //forms/source/xforms/propertysetbase.hxx, //153
BooleanPropertyAccessor, //0, //0, //16, //forms/source/xforms/propertysetbase.hxx, //133
DirectPropertyAccessor, //0, //0, //16, //forms/source/xforms/propertysetbase.hxx, //113
GenericPropertyAccessor, //0, //0, //36, //forms/source/xforms/propertysetbase.hxx, //67
RegistryValueList, //14, //2, //44, //include/registry/registry.hxx, //322
o3tl::binary_compose, //1, //1, //13, //include/o3tl/compat_functional.hxx, //116
o3tl::unary_compose, //1, //1, //12, //include/o3tl/compat_functional.hxx, //92
vcl::ScopedBitmapAccess, //1, //1, //35, //include/vcl/scopedbitmapaccess.hxx, //46
sfx::ListBoxConnection, //7, //6, //18, //include/sfx2/itemconnect.hxx, //372
sfx::ValueSetConnection, //6, //5, //18, //include/sfx2/itemconnect.hxx, //404
sd::slidesorter::model::Enumeration, //1, //1, //9, //sd/source/ui/slidesorter/inc/model/SlsEnumeration.hxx, //32
ScFlatSegmentsImpl, //16, //1, //167, //sc/source/core/data/segmenttree.cxx, //32
binaryurp::Cache, //2, //2, //43, //binaryurp/source/cache.hxx, //41
bridges::cpp_uno::shared::GuardedArray, //2, //2, //11, //bridges/source/cpp_uno/shared/guardedarray.hxx, //25
comphelper::OAutoRegistration, //7, //1, //14, //include/comphelper/componentmodule.hxx, //188
comphelper::OSingletonRegistration, //7, //1, //16, //include/comphelper/componentmodule.hxx, //221
LinkedList, //13, //1, //99, //hwpfilter/source/list.hxx, //39
LinkedListIterator, //10, //1, //78, //hwpfilter/source/list.hxx, //70
canvas::IntegerBitmapBase, //2, //1, //59, //include/canvas/base/integerbitmapbase.hxx, //65
canvas::SpriteCanvasBase, //0, //0, //89, //include/canvas/base/spritecanvasbase.hxx, //68
sdr::table::RangeIterator, //0, //0, //35, //svx/source/table/celltypes.hxx, //54
sfx::ListBoxWrapper, //4, //2, //28, //include/sfx2/controlwrapper.hxx, //344
sfx::MetricFieldWrapper, //6, //2, //33, //include/sfx2/controlwrapper.hxx, //309
sfx::MultiControlWrapper, //1, //1, //14, //include/sfx2/controlwrapper.hxx, //468
sfx::NumericFieldWrapper, //6, //2, //31, //include/sfx2/controlwrapper.hxx, //277
sfx::PosValueMapper, //5, //3, //53, //include/sfx2/controlwrapper.hxx, //63
basic::OAutoRegistration, //0, //0, //9, //basic/source/uno/sbmodule.hxx, //56
basic::OSingletonRegistration, //0, //0, //9, //basic/source/uno/sbmodule.hxx, //69
ScRefHdlrImplBase, //6, //1, //57, //sc/source/ui/inc/anyrefdg.hxx, //193
canvas::tools::ValueMap, //1, //1, //84, //include/canvas/canvastools.hxx, //451
sfx::IdentItemWrapper, //0, //0, //11, //include/sfx2/itemwrapper.hxx, //163
sfx::SingleItemWrapper, //3, //1, //26, //include/sfx2/itemwrapper.hxx, //90
sfx::ValueItemWrapper, //0, //0, //11, //include/sfx2/itemwrapper.hxx, //136
comphelper::scoped_disposing_ptr, //3, //1, //94, //include/comphelper/scoped_disposing_ptr.hxx, //27
comphelper::scoped_disposing_solar_mutex_reset_ptr, //0, //0, //14, //include/comphelper/scoped_disposing_ptr.hxx, //140
stoc_sec::lru_cache, //9, //1, //180, //stoc/source/security/lru_cache.h, //39
toolkit::ScrollableWrapper, //12, //2, //143, //include/toolkit/awt/scrollabledialog.hxx, //44
PackedPixelColumnIterator, //1, //1, //136, //basebmp/test/bmpdemo.cxx, //255
PackedPixelIterator, //0, //0, //131, //basebmp/test/bmpdemo.cxx, //680
PackedPixelRowIterator, //1, //1, //178, //basebmp/test/bmpdemo.cxx, //432
PaletteImageAccessor, //0, //0, //74, //basebmp/test/bmpdemo.cxx, //850
Renderer, //0, //0, //49, //basebmp/test/bmpdemo.cxx, //79
comphelper::service_decl::detail::OwnServiceImpl, //4, //1, //30, //include/comphelper/servicedecl.hxx, //150
oox::Matrix, //3, //2, //49, //include/oox/helper/containerhelper.hxx, //92
dbaxml::OMultiInstanceAutoRegistration, //2, //0, //21, //dbaccess/source/inc/registrationhelper.hxx, //79
dbaxml::OOneInstanceAutoRegistration, //2, //0, //21, //dbaccess/source/inc/registrationhelper.hxx, //114
osl::DebugBase, //2, //1, //22, //include/osl/diagnose.hxx, //177
osl::detail::ObjectRegistry, //0, //0, //29, //include/osl/diagnose.hxx, //116
writerfilter::RowData, //4, //1, //75, //writerfilter/inc/resourcemodel/TableData.hxx, //120
writerfilter::TableData, //9, //1, //67, //writerfilter/inc/resourcemodel/TableData.hxx, //269
writerfilter::TableDataHandler, //2, //1, //15, //writerfilter/inc/resourcemodel/TableManager.hxx, //47
writerfilter::TableManager, //29, //1, //682, //writerfilter/inc/resourcemodel/TableManager.hxx, //109
ole_adapter::UnoConversionUtilities, //22, //1, //1789, //extensions/source/ole/unoconversionutilities.hxx, //101
CFGuard, //0, //0, //8, //sal/osl/unx/osxlocale.cxx, //34
tools::WeakBase, //4, //1, //42, //include/tools/weakbase.h, //121
vcl::solarthread::detail::GenericSolarThreadExecutor, //4, //3, //29, //include/vcl/threadex.hxx, //65
vcl::solarthread::detail::GenericSolarThreadExecutor, //0, //0, //28, //include/vcl/threadex.hxx, //102
vcl::solarthread::detail::copy_back_wrapper, //3, //1, //24, //include/vcl/threadex.hxx, //135
logging::ComponentMethodGuard, //2, //2, //22, //extensions/source/logging/methodguard.hxx, //32
basegfx::B2DConnectedRanges, //0, //0, //82, //include/basegfx/range/b2dconnectedranges.hxx, //62
chart::wrapper::WrappedSeriesOrDiagramProperty, //0, //0, //122, //chart2/source/controller/chartapiwrapper/WrappedSeriesOrDiagramProperty.hxx, //45
pcr::CommonBehaviourControl, //3, //1, //52, //extensions/source/propctrlr/commoncontrol.hxx, //179
pcr::ControlWindow, //2, //2, //21, //extensions/source/propctrlr/commoncontrol.hxx, //41
ScVbaCondition, //7, //0, //140, //sc/source/ui/vba/vbacondition.hxx, //27
UniqueIndex, //2, //2, //14, //include/tools/unqidx.hxx, //54
ThetaCompare, //1, //1, //15, //basegfx/source/workbench/convexhull.cxx, //48
o3tl::range, //39, //5, //84, //include/o3tl/range.hxx, //40
PCodeBuffConvertor, //1, //0, //25, //basic/source/inc/codegen.hxx, //62
basebmp::UnaryFunctionAccessorAdapter, //2, //2, //76, //include/basebmp/accessoradapters.hxx, //46
basebmp::PaletteImageAccessor, //5, //2, //88, //include/basebmp/paletteimageaccessor.hxx, //44
comphelper::ORelease, //1, //1, //7, //include/comphelper/guarding.hxx, //39
xforms::ODerivedDataType, //3, //3, //12, //forms/source/xforms/datatypes.hxx, //252
xforms::OValueLimitedType, //1, //1, //10, //forms/source/xforms/datatypes.hxx, //232
canvas::vcltools::VCLObject, //0, //0, //56, //include/canvas/vclwrapper.hxx, //54
BufferTransformer, //1, //1, //58, //basic/source/comp/codegen.cxx, //484
OffSetAccumulator, //1, //1, //21, //basic/source/comp/codegen.cxx, //457
PCodeBufferWalker, //2, //1, //53, //basic/source/comp/codegen.cxx, //401
PCodeVisitor, //2, //1, //13, //basic/source/comp/codegen.cxx, //384
comphelper::OListenerContainerBase, //2, //2, //42, //include/comphelper/listenernotification.hxx, //241
comphelper::OSimpleListenerContainer, //2, //1, //52, //include/comphelper/listenernotification.hxx, //168
SvDeclPersistList, //2, //1, //10, //include/tools/pstm.hxx, //124
dbaui::ItemAdapter, //0, //0, //25, //dbaccess/source/ui/misc/propertystorage.cxx, //49
sd::toolpanel::RootControlFactoryWithArg, //0, //0, //15, //sd/source/ui/inc/taskpane/TaskPaneControlFactory.hxx, //65
pcr::OAutoRegistration, //0, //0, //3, //extensions/source/propctrlr/modulepcr.hxx, //30
pcr::OSingletonRegistration, //0, //0, //3, //extensions/source/propctrlr/modulepcr.hxx, //30
OfaRefItem, //1, //1, //28, //include/svx/ofaitem.hxx, //47
dxcanvas::COMReference, //10, //2, //45, //canvas/source/directx/dx_winstuff.hxx, //129
VCLListBoxHelper, //0, //0, //126, //accessibility/inc/accessibility/helper/listboxhelper.hxx, //38
OHardRefMap, //0, //0, //141, //connectivity/source/sdbcx/VCollection.cxx, //48
ScBitMaskCompressedArray, //7, //1, //153, //sc/inc/compressedarray.hxx, //150
ScCompressedArray, //14, //1, //326, //sc/inc/compressedarray.hxx, //48
TSdrObjectPtr, //0, //0, //22, //sc/source/filter/excel/xiescher.cxx, //151
dba::OAutoRegistration, //0, //0, //3, //dbaccess/source/core/inc/module_dba.hxx, //28
dba::OSingletonRegistration, //0, //0, //3, //dbaccess/source/core/inc/module_dba.hxx, //28
writerfilter::ooxml::RefAndPointer, //0, //0, //57, //writerfilter/source/ooxml/RefAndPointer.hxx, //33
store::OStoreHandle, //0, //0, //13, //store/source/store.cxx, //42
canvas::DisambiguationHelper, //0, //0, //19, //include/canvas/base/disambiguationhelper.hxx, //45
basebmp::StridedArrayIterator, //4, //1, //42, //include/basebmp/stridedarrayiterator.hxx, //36
basebmp::BinarySetterFunctionAccessorAdapter, //3, //2, //68, //include/basebmp/accessoradapters.hxx, //164
basebmp::JoinImageAccessorAdapter, //3, //3, //76, //include/basebmp/accessoradapters.hxx, //416
basebmp::TernarySetterFunctionAccessorAdapter, //3, //1, //88, //include/basebmp/accessoradapters.hxx, //280
ComSmart, //5, //1, //83, //embeddedobj/source/msole/olecomponent.cxx, //52
basebmp::CompositeIterator1D, //2, //1, //31, //include/basebmp/compositeiterator.hxx, //234
basebmp::CompositeIterator2D, //2, //2, //70, //include/basebmp/compositeiterator.hxx, //277
basebmp::detail::ArithmeticProxy, //2, //2, //31, //include/basebmp/compositeiterator.hxx, //36
basebmp::detail::CompositeIteratorBase, //1, //0, //113, //include/basebmp/compositeiterator.hxx, //83
OGeometryControlModel, //4, //1, //41, //include/toolkit/controls/geometrycontrolmodel.hxx, //183
OTemplateInstanceDisambiguation, //1, //1, //3, //include/toolkit/controls/geometrycontrolmodel.hxx, //172
slideshow::internal::FromToByActivity, //0, //0, //159, //slideshow/source/engine/activities/activitiesfactory.cxx, //104
slideshow::internal::SimpleActivity, //0, //0, //43, //slideshow/source/engine/activities/activitiesfactory.cxx, //874
slideshow::internal::ValuesActivity, //0, //0, //87, //slideshow/source/engine/activities/activitiesfactory.cxx, //475
ww::compile_time_check, //0, //0, //5, //sw/source/filter/ww8/staticassert.hxx, //31
canvas::CanvasCustomSpriteBase, //0, //0, //123, //include/canvas/base/canvascustomspritebase.hxx, //77
cppu::UnoType, //7, //5, //11, //include/cppu/unotype.hxx, //263
chart::WeakListenerAdapter, //0, //0, //32, //chart2/source/inc/WeakListenerAdapter.hxx, //45
connectivity::ORefVector, //0, //0, //41, //include/connectivity/CommonTools.hxx, //68
connectivity::ORowVector, //0, //0, //7, //include/connectivity/CommonTools.hxx, //120
writerfilter::CellData, //1, //1, //28, //writerfilter/inc/resourcemodel/TableData.hxx, //35
ChildWindowWrapper, //0, //0, //62, //sc/source/ui/inc/ChildWindowWrapper.hxx, //22
com::sun::star::uno::Array, //0, //0, //5, //include/com/sun/star/uno/Type.h, //195
TreeVisitor, //1, //1, //60, //svx/source/inc/treevisitor.hxx, //26
XclExpValueRecord, //5, //2, //39, //sc/source/filter/inc/xerecord.hxx, //188
svx::FrameBorderIterBase, //7, //7, //17, //svx/source/inc/frmselimpl.hxx, //252
slideshow::internal::PrioritizedHandlerEntry, //6, //4, //21, //slideshow/source/engine/eventmultiplexer.cxx, //73
slideshow::internal::ThreadUnsafeListenerContainer, //3, //1, //5, //slideshow/source/inc/listenercontainer.hxx, //471
connectivity::ExpressionGrammar::definition, //0, //0, //61, //connectivity/source/commontools/RowFunctionParser.cxx, //334
comphelper::OSequenceIterator, //6, //2, //50, //include/comphelper/sequence.hxx, //115
comphelper::service_decl::detail::ServiceImpl, //2, //1, //14, //include/comphelper/servicedecl.hxx, //186
basebmp::ConstantColorBlendSetterAccessorAdapter, //2, //2, //77, //include/basebmp/colorblendaccessoradapter.hxx, //40
comphelper::OInteraction, //0, //0, //8, //include/comphelper/interaction.hxx, //68
ExpressionGrammar::definition, //0, //0, //94, //svx/source/customshapes/EnhancedCustomShapeFunctionParser.cxx, //1008
slideshow::internal::GenericAnimation, //0, //0, //108, //slideshow/source/engine/animationfactory.cxx, //383
slideshow::internal::TupleAnimation, //0, //0, //109, //slideshow/source/engine/animationfactory.cxx, //57
chart::wrapper::WrappedSplineProperty, //0, //0, //104, //chart2/source/controller/chartapiwrapper/WrappedSplineProperties.cxx, //41
CollTestImplHelper, //0, //0, //6, //include/vbahelper/vbacollectionimpl.hxx, //341
ScVbaCollectionBase, //0, //0, //80, //include/vbahelper/vbacollectionimpl.hxx, //232
XNamedObjectCollectionHelper, //0, //0, //72, //include/vbahelper/vbacollectionimpl.hxx, //145
o3tl::LazyUpdate, //0, //0, //20, //include/o3tl/lazy_update.hxx, //171
o3tl::LazyUpdate, //0, //0, //29, //include/o3tl/lazy_update.hxx, //192
o3tl::LazyUpdate, //0, //0, //29, //include/o3tl/lazy_update.hxx, //222
o3tl::detail::LazyUpdateImpl, //1, //0, //31, //include/o3tl/lazy_update.hxx, //62
ScVbaPageBreak, //7, //1, //90, //sc/source/ui/vba/vbapagebreak.hxx, //34
vcl::DeleteUnoReferenceOnDeinit, //0, //0, //22, //include/vcl/lazydelete.hxx, //271
FindEnclosingRange, //0, //0, //12, //sc/source/core/tool/rangelst.cxx, //40
FindIntersectingRange, //0, //0, //12, //sc/source/core/tool/rangelst.cxx, //68
FindRangeIn, //0, //0, //12, //sc/source/core/tool/rangelst.cxx, //54
ww8::WW8Sttb, //2, //1, //63, //sw/source/filter/ww8/WW8Sttbf.hxx, //58
ScVbaFormat, //8, //0, //138, //sc/source/ui/vba/vbaformat.hxx, //36
framework::CheckedIterator, //2, //2, //87, //framework/inc/classes/checkediterator.hxx, //48
frm::EventListeners, //0, //0, //36, //forms/source/inc/listenercontainers.hxx, //36
logging::OAutoRegistration, //0, //0, //9, //extensions/source/logging/log_module.hxx, //56
logging::OSingletonRegistration, //0, //0, //9, //extensions/source/logging/log_module.hxx, //69
sdbtools::OAutoRegistration, //0, //0, //3, //dbaccess/source/sdbtools/inc/module_sdbt.hxx, //28
sdbtools::OSingletonRegistration, //0, //0, //3, //dbaccess/source/sdbtools/inc/module_sdbt.hxx, //28
canvas::BufferedGraphicDeviceBase, //0, //0, //138, //include/canvas/base/bufferedgraphicdevicebase.hxx, //76
basebmp::PackedPixelColumnIterator, //1, //1, //135, //include/basebmp/packedpixeliterator.hxx, //64
basebmp::PackedPixelRowIterator, //1, //1, //177, //include/basebmp/packedpixeliterator.hxx, //235
comphelper::mem_fun1_t, //2, //2, //9, //include/comphelper/stl_types.hxx, //119
sc::opencl::DynamicKernelSlidingArgument, //4, //2, //199, //sc/source/core/opencl/formulagroupcl.cxx, //487
sc::opencl::ParallelReductionVectorRef, //1, //1, //358, //sc/source/core/opencl/formulagroupcl.cxx, //808
pcr::ListLikeControlWithModifyHandler, //0, //0, //13, //extensions/source/propctrlr/standardcontrol.hxx, //55
ComPtr, //2, //1, //125, //fpicker/source/win32/filepicker/comptr.hxx, //30
basegfx::internal::ImplHomMatrixTemplate, //2, //1, //405, //basegfx/source/inc/hommatrixtemplate.hxx, //77
basegfx::internal::ImplMatLine, //3, //1, //31, //basegfx/source/inc/hommatrixtemplate.hxx, //40
myImplHelpers::StyleMapperImpl, //4, //2, //59, //sw/source/filter/ww8/writerwordglue.cxx, //238
utl::SharedUNOComponent, //12, //1, //122, //include/unotools/sharedunocomponent.hxx, //144
rtl::StaticAggregate, //1, //1, //9, //include/rtl/instance.hxx, //542
rtl::StaticWithArg, //1, //1, //30, //include/rtl/instance.hxx, //470
SimpleNamedThingContainer, //0, //0, //67, //toolkit/source/controls/dialogcontrol.cxx, //74
dbaui::OUnaryRefFunctor, //0, //0, //11, //dbaccess/source/ui/inc/RefFunctor.hxx, //31
ooo::vba::DefaultReturnHelper, //0, //0, //9, //include/vbahelper/vbareturntypes.hxx, //37
avmedia::vlc::wrapper::ThreadsafeQueue, //3, //1, //37, //avmedia/source/vlc/wrapper/ThreadsafeQueue.hxx, //34
basebmp::BitmapRenderer, //3, //2, //818, //basebmp/source/bitmapdevice.cxx, //176
sal::systools::COMReference, //7, //2, //99, //include/systools/win32/comtools.hxx, //58
accessibility::HardCppRef, //1, //1, //19, //include/editeng/AccessibleParaManager.hxx, //48
accessibility::WeakCppRef, //0, //0, //22, //include/editeng/AccessibleParaManager.hxx, //93
ComPtr, //2, //1, //134, //include/systools/win32/comptr.hxx, //30
NameContainer, //0, //0, //132, //forms/source/xforms/NameContainer.hxx, //40
writerfilter::ooxml::OOXMLFastHelper, //5, //1, //138, //writerfilter/source/ooxml/OOXMLFastHelper.hxx, //35
comphelper::ImplementationReference, //0, //0, //50, //include/comphelper/implementationreference.hxx, //97
COMPMOD_NAMESPACE::OMultiInstanceAutoRegistration, //2, //1, //21, //extensions/source/inc/componentmodule.hxx, //170
COMPMOD_NAMESPACE::OOneInstanceAutoRegistration, //2, //1, //21, //extensions/source/inc/componentmodule.hxx, //212
framework::SetNodeHash, //5, //5, //20, //framework/inc/classes/filtercachedata.hxx, //348
ThreadSafeValue, //0, //0, //19, //sal/qa/osl/process/osl_Thread.cxx, //150
basebmp::PixelColumnIterator, //1, //1, //135, //include/basebmp/pixeliterator.hxx, //32
dbp::OUnoAutoPilot, //1, //1, //63, //extensions/source/dbpilots/unoautopilot.hxx, //54
sfx::MetricConnection, //5, //4, //17, //include/sfx2/itemconnect.hxx, //341
sfx::NumericConnection, //5, //4, //17, //include/sfx2/itemconnect.hxx, //310
bridges::cpp_uno::shared::ArrayPointer, //0, //0, //10, //bridges/inc/bridges/cpp_uno/shared/arraypointer.hxx, //30
slideshow::internal::BinaryFunctionFunctor, //1, //1, //38, //slideshow/source/engine/smilfunctionparser.cxx, //300
slideshow::internal::ExpressionGrammar::definition, //0, //0, //69, //slideshow/source/engine/smilfunctionparser.cxx, //421
slideshow::internal::ShapeBoundsFunctor, //1, //1, //21, //slideshow/source/engine/smilfunctionparser.cxx, //88
slideshow::internal::UnaryFunctionFunctor, //2, //2, //59, //slideshow/source/engine/smilfunctionparser.cxx, //196
sd::ShellFactory, //0, //0, //10, //sd/source/ui/inc/ShellFactory.hxx, //37
comphelper::ScalarPredicateLess, //0, //0, //13, //include/comphelper/anycompare.hxx, //74
connectivity::ado::WpOLEAppendCollection, //0, //0, //18, //connectivity/source/inc/ado/Aolewrap.hxx, //206
connectivity::ado::WpOLEBase, //6, //2, //33, //connectivity/source/inc/ado/Aolewrap.hxx, //72
connectivity::ado::WpOLECollection, //0, //0, //64, //connectivity/source/inc/ado/Aolewrap.hxx, //132
dbaui::optional, //3, //2, //22, //include/dbaccess/genericcontroller.hxx, //79
slideshow::internal::ListenerContainerBase, //0, //0, //110, //slideshow/source/inc/listenercontainer.hxx, //229
slideshow::internal::ThreadSafeListenerContainer, //0, //0, //5, //slideshow/source/inc/listenercontainer.hxx, //456
dbaui::ODisableWrapper, //0, //0, //9, //dbaccess/source/ui/dlg/adminpages.hxx, //54
dbaui::OSaveValueWrapper, //0, //0, //9, //dbaccess/source/ui/dlg/adminpages.hxx, //43
chart::wrapper::WrappedStatisticProperty, //0, //0, //27, //chart2/source/controller/chartapiwrapper/WrappedStatisticProperties.cxx, //171
o3tl::vector_pool, //3, //2, //4, //include/o3tl/vector_pool.hxx, //115
oox::RefVector::FindFunctor, //0, //0, //6, //include/oox/helper/refvector.hxx, //175
oox::RefVector::ForEachFunctor, //0, //0, //6, //include/oox/helper/refvector.hxx, //158
oox::RefVector::ForEachFunctorWithIndex, //0, //0, //7, //include/oox/helper/refvector.hxx, //166
comphelper::service_decl::class_, //17, //12, //7, //include/comphelper/servicedecl.hxx, //284
cppu::ImplClassData3, //0, //0, //18, //include/cppuhelper/implbase3.hxx, //38
comphelper::OPropertyArrayUsageHelperMutex, //1, //1, //2, //include/comphelper/proparrhlp.hxx, //44
o3tl::select2nd, //0, //0, //7, //include/o3tl/compat_functional.hxx, //82
chart::CommonFunctors::DeletePtr, //0, //0, //5, //chart2/source/inc/CommonFunctors.hxx, //198
chart::CommonFunctors::makeAny, //0, //0, //7, //chart2/source/inc/CommonFunctors.hxx, //42
cppu::ImplClassData11, //0, //0, //26, //include/cppuhelper/implbase11.hxx, //39
rtl::internal::CharPtrDetector, //7, //4, //4, //include/rtl/stringutils.hxx, //69
rtl::internal::ConstCharArrayDetector, //39, //8, //4, //include/rtl/stringutils.hxx, //110
rtl::internal::Enable, //2, //1, //3, //include/rtl/stringutils.hxx, //170
rtl::internal::SalUnicodePtrDetector, //1, //1, //4, //include/rtl/stringutils.hxx, //151
cppu::ImplClassData9, //0, //0, //24, //include/cppuhelper/implbase9.hxx, //39
lcl_resize, //0, //0, //9, //xmloff/source/chart/SchXMLExport.cxx, //717
comphelper::detail::ReleaseFunc, //0, //0, //3, //include/comphelper/make_shared_from_uno.hxx, //30
basebmp::AccessorSelector, //3, //2, //9, //include/basebmp/pixelformatadapters.hxx, //48
basebmp::GreylevelGetter, //1, //1, //10, //include/basebmp/greylevelformats.hxx, //41
basebmp::GreylevelSetter, //1, //1, //11, //include/basebmp/greylevelformats.hxx, //54
basebmp::PixelFormatTraitsTemplate_Greylevel, //1, //0, //15, //include/basebmp/greylevelformats.hxx, //70
basebmp::PixelFormatTraitsTemplate_PackedGreylevel, //4, //4, //8, //include/basebmp/greylevelformats.hxx, //89
chart::ModifyListenerHelper::impl::addListenerFunctor, //1, //1, //16, //chart2/source/inc/ModifyListenerHelper.hxx, //113
chart::ModifyListenerHelper::impl::addListenerToMappedElementFunctor, //0, //0, //16, //chart2/source/inc/ModifyListenerHelper.hxx, //151
chart::ModifyListenerHelper::impl::removeListenerFromMappedElementFunctor, //0, //0, //16, //chart2/source/inc/ModifyListenerHelper.hxx, //170
chart::ModifyListenerHelper::impl::removeListenerFunctor, //1, //1, //16, //chart2/source/inc/ModifyListenerHelper.hxx, //132
basebmp::PixelFormatTraitsTemplate_RGBValue, //0, //0, //12, //include/basebmp/rgb24pixelformats.hxx, //59
basebmp::RGBValueGetter, //1, //1, //8, //include/basebmp/rgb24pixelformats.hxx, //35
basebmp::RGBValueSetter, //1, //1, //12, //include/basebmp/rgb24pixelformats.hxx, //44
o3tl::less_ptr_to, //13, //7, //7, //include/o3tl/sorted_vector.hxx, //184
ResourceHolder, //0, //0, //32, //store/workben/t_page.cxx, //797
rtl::internal::NonConstCharArrayDetector, //5, //3, //3, //include/rtl/stringutils.hxx, //87
rtl::Allocator::rebind, //0, //0, //4, //include/rtl/allocator.hxx, //56
comphelper::OInterfaceCompare, //4, //4, //11, //include/comphelper/stl_types.hxx, //102
o3tl::identity, //0, //0, //7, //include/o3tl/compat_functional.hxx, //42
o3tl::project1st, //0, //0, //7, //include/o3tl/compat_functional.hxx, //52
o3tl::project2nd, //0, //0, //7, //include/o3tl/compat_functional.hxx, //62
o3tl::select1st, //0, //0, //7, //include/o3tl/compat_functional.hxx, //72
cppu::ImplClassData4, //0, //0, //19, //include/cppuhelper/implbase4.hxx, //39
io_acceptor::ReferenceEqual, //0, //0, //8, //io/source/acceptor/acc_socket.cxx, //50
io_acceptor::ReferenceHash, //0, //0, //7, //io/source/acceptor/acc_socket.cxx, //41
ScRefHdlrImpl, //0, //0, //20, //sc/source/ui/inc/anyrefdg.hxx, //280
o3tl::find_partialorder_ptrequals, //0, //0, //20, //include/o3tl/sorted_vector.hxx, //213
o3tl::find_unique, //0, //0, //12, //include/o3tl/sorted_vector.hxx, //196
svgi::ColorGrammar::definition, //0, //0, //49, //filter/source/svg/parserfragments.cxx, //126
chart::DisposeHelper::DisposeFirstOfPairFunctor, //0, //0, //7, //chart2/source/inc/DisposeHelper.hxx, //60
chart::DisposeHelper::DisposeFunctor, //0, //0, //7, //chart2/source/inc/DisposeHelper.hxx, //51
chart::DisposeHelper::DisposeSecondOfPairFunctor, //0, //0, //7, //chart2/source/inc/DisposeHelper.hxx, //69
cppu::ImplClassData12, //0, //0, //27, //include/cppuhelper/implbase12.hxx, //39
clone_const, //0, //0, //4, //basebmp/test/bmpdemo.cxx, //70
clone_const, //0, //0, //4, //basebmp/test/bmpdemo.cxx, //74
remove_const, //3, //1, //4, //basebmp/test/bmpdemo.cxx, //207
remove_const, //0, //0, //4, //basebmp/test/bmpdemo.cxx, //211
chart::CloneHelper::CreateRefClone, //0, //0, //12, //chart2/source/inc/CloneHelper.hxx, //36
chart::CloneHelper::CreateRefWithKeyClone, //0, //0, //15, //chart2/source/inc/CloneHelper.hxx, //52
comphelper::service_decl::serviceimpl_base, //3, //2, //12, //include/comphelper/servicedecl.hxx, //256
comphelper::service_decl::vba_service_class_, //0, //0, //7, //include/vbahelper/helperdecl.hxx, //27
xmloff::OInterfaceCompare, //0, //0, //11, //xmloff/source/forms/ifacecompare.hxx, //34
tools::WeakConnection, //4, //1, //8, //include/tools/weakbase.h, //59
basebmp::BlendFunctor, //0, //0, //13, //include/basebmp/colortraits.hxx, //42
basebmp::BlendFunctor, //0, //0, //13, //include/basebmp/colortraits.hxx, //55
basebmp::ColorTraits, //6, //4, //22, //include/basebmp/colortraits.hxx, //108
basebmp::ColorTraits::blend_functor, //0, //0, //4, //include/basebmp/colortraits.hxx, //111
basebmp::IntegerBlendFunctor, //0, //0, //13, //include/basebmp/colortraits.hxx, //79
basebmp::IntegerBlendFunctor, //0, //0, //14, //include/basebmp/colortraits.hxx, //92
basebmp::TernaryFunctorBase, //0, //0, //7, //include/basebmp/metafunctions.hxx, //71
basebmp::ifScalarIntegral, //2, //1, //11, //include/basebmp/metafunctions.hxx, //129
writerfilter::dmapper::removeExistingElements, //0, //0, //11, //writerfilter/source/dmapper/PropertyMap.cxx, //258
comphelper::service_decl::vba_service_class_, //0, //0, //7, //sc/source/ui/vba/helperdecl.hxx, //29
basebmp::ColorBlendFunctor32, //1, //1, //17, //include/basebmp/colormisc.hxx, //85
basebmp::ColorBlendFunctor8, //1, //1, //16, //include/basebmp/colormisc.hxx, //63
basebmp::ColorTraits::blend_functor, //0, //0, //4, //include/basebmp/colormisc.hxx, //140
basebmp::ColorTraits::blend_functor, //0, //0, //4, //include/basebmp/colormisc.hxx, //146
basebmp::MaskFunctorBase, //0, //0, //2, //include/basebmp/accessorfunctors.hxx, //44
basebmp::outputMaskFunctorSelector, //0, //0, //4, //include/basebmp/colormisc.hxx, //58
basebmp::outputMaskFunctorSelector, //3, //0, //6, //include/basebmp/accessortraits.hxx, //36
basebmp::AccessorSelector::wrap_accessor, //0, //0, //6, //include/basebmp/pixelformatadapters.hxx, //50
basebmp::ColorConvert, //0, //0, //8, //include/basebmp/pixelformatadapters.hxx, //62
lcl_DisposeAndClearAndDeleteMapElement, //0, //0, //17, //chart2/source/controller/main/CommandDispatch.cxx, //36
sfx2::PtrHash, //0, //0, //7, //sfx2/source/doc/Metadatable.cxx, //439
lcl_eraseMapEntry, //0, //0, //13, //chart2/source/tools/ImplOPropertySet.cxx, //57
cppu::ImplClassData5, //0, //0, //20, //include/cppuhelper/implbase5.hxx, //39
slideshow::internal::Interpolator, //3, //1, //9, //slideshow/source/engine/activities/interpolation.hxx, //78
chart::EventListenerHelper::impl::addListenerFunctor, //1, //1, //16, //chart2/source/inc/EventListenerHelper.hxx, //39
chart::EventListenerHelper::impl::addListenerToMappedElementFunctor, //0, //0, //16, //chart2/source/inc/EventListenerHelper.hxx, //77
chart::EventListenerHelper::impl::removeListenerFromMappedElementFunctor, //0, //0, //16, //chart2/source/inc/EventListenerHelper.hxx, //96
chart::EventListenerHelper::impl::removeListenerFunctor, //1, //1, //16, //chart2/source/inc/EventListenerHelper.hxx, //58
cppu::ImplClassData13, //0, //0, //28, //include/cppuhelper/implbase13.hxx, //39
XclDirectHasher, //0, //0, //4, //sc/source/filter/excel/xestring.cxx, //66
XclHasher, //0, //0, //1, //sc/source/filter/excel/xestring.cxx, //63
slideshow::internal::hash, //0, //0, //6, //slideshow/source/inc/tools.hxx, //78
basebmp::clone_const, //1, //1, //4, //include/basebmp/metafunctions.hxx, //37
SwModelTestBase::MethodEntry, //0, //0, //5, //sw/qa/extras/inc/swmodeltestbase.hxx, //487
slideshow::internal::FormulaTraits, //0, //0, //8, //slideshow/source/engine/activities/activitiesfactory.cxx, //56
cppu::ImplClassData6, //0, //0, //21, //include/cppuhelper/implbase6.hxx, //39
rtl::internal::CharPtrDetector, //0, //0, //6, //include/rtl/stringutils.hxx, //74
rtl::internal::CharPtrDetector, //0, //0, //6, //include/rtl/stringutils.hxx, //80
rtl::internal::ConstCharArrayDetector, //0, //0, //7, //include/rtl/stringutils.hxx, //115
rtl::internal::Enable, //0, //0, //5, //include/rtl/stringutils.hxx, //175
rtl::internal::ExceptCharArrayDetector, //0, //0, //4, //include/rtl/stringutils.hxx, //137
rtl::internal::ExceptCharArrayDetector, //0, //0, //4, //include/rtl/stringutils.hxx, //142
rtl::internal::ExceptCharArrayDetector, //0, //0, //4, //include/rtl/stringutils.hxx, //146
rtl::internal::ExceptConstCharArrayDetector, //0, //0, //4, //include/rtl/stringutils.hxx, //124
rtl::internal::ExceptConstCharArrayDetector, //0, //0, //4, //include/rtl/stringutils.hxx, //129
rtl::internal::NonConstCharArrayDetector, //2, //2, //5, //include/rtl/stringutils.hxx, //91
rtl::internal::SalUnicodePtrDetector, //0, //0, //6, //include/rtl/stringutils.hxx, //156
rtl::internal::SalUnicodePtrDetector, //0, //0, //6, //include/rtl/stringutils.hxx, //162
basebmp::PixelFormatTraitsTemplate_RGBMask, //0, //0, //20, //include/basebmp/rgbmaskpixelformats.hxx, //200
basebmp::RGBMaskFunctorBase, //2, //0, //15, //include/basebmp/rgbmaskpixelformats.hxx, //68
basebmp::RGBMaskGetter, //1, //0, //48, //include/basebmp/rgbmaskpixelformats.hxx, //92
basebmp::RGBMaskSetter, //1, //0, //36, //include/basebmp/rgbmaskpixelformats.hxx, //154
basebmp::bitcount, //4, //4, //5, //include/basebmp/metafunctions.hxx, //188
basebmp::numberOfTrailingZeros, //3, //3, //7, //include/basebmp/metafunctions.hxx, //172
GObjectDeleter, //0, //0, //1, //shell/source/sessioninstall/SyncDbusSessionHelper.cxx, //25
basebmp::RgbValueFromUInt32, //0, //0, //9, //basebmp/source/intconversion.hxx, //40
basebmp::SGI_identity, //2, //1, //5, //basebmp/source/intconversion.hxx, //51
basebmp::UInt32FromRgbValue, //0, //0, //7, //basebmp/source/intconversion.hxx, //31
basebmp::uInt32Converter, //1, //1, //5, //basebmp/source/intconversion.hxx, //58
comphelper::service_decl::detail::CreateFunc, //0, //0, //15, //include/comphelper/servicedecl.hxx, //213
comphelper::service_decl::detail::CreateFunc, //0, //0, //15, //include/comphelper/servicedecl.hxx, //230
comphelper::service_decl::detail::PostProcessDefault, //1, //1, //6, //include/comphelper/servicedecl.hxx, //202
cppu::ImplClassData1, //0, //0, //16, //include/cppuhelper/implbase1.hxx, //38
custom_real_parser_policies, //0, //0, //9, //svx/source/customshapes/EnhancedCustomShapeFunctionParser.cxx, //956
o3tl::detail::struct_from_value, //1, //1, //16, //include/o3tl/vector_pool.hxx, //80
slideshow::internal::SGI_identity, //0, //0, //5, //slideshow/source/engine/animationfactory.cxx, //585
o3tl::detail::DefaultFunctor, //2, //1, //21, //include/o3tl/lazy_update.hxx, //106
o3tl::detail::FunctionPointer, //1, //0, //29, //include/o3tl/lazy_update.hxx, //132
cppu::ImplClassData7, //0, //0, //22, //include/cppuhelper/implbase7.hxx, //39
basebmp::maskedAccessorSelector, //0, //0, //22, //include/basebmp/packedpixeliterator.hxx, //648
basebmp::maskedAccessorSelector, //0, //0, //12, //include/basebmp/accessortraits.hxx, //59
basebmp::remove_const, //2, //1, //4, //include/basebmp/metafunctions.hxx, //59
basebmp::BinaryFunctorSplittingWrapper, //2, //1, //26, //include/basebmp/accessorfunctors.hxx, //145
basebmp::FastIntegerOutputMaskFunctor, //0, //0, //9, //include/basebmp/accessorfunctors.hxx, //109
basebmp::FastIntegerOutputMaskFunctor, //0, //0, //9, //include/basebmp/accessorfunctors.hxx, //120
basebmp::GenericOutputMaskFunctor, //2, //1, //7, //include/basebmp/accessorfunctors.hxx, //57
basebmp::IntegerOutputMaskFunctor, //0, //0, //10, //include/basebmp/accessorfunctors.hxx, //73
basebmp::IntegerOutputMaskFunctor, //0, //0, //10, //include/basebmp/accessorfunctors.hxx, //89
basebmp::XorFunctor, //1, //1, //4, //include/basebmp/accessorfunctors.hxx, //36
detail::cloner, //1, //1, //7, //lotuswordpro/source/filter/clone.hxx, //34
detail::cloner, //0, //0, //8, //lotuswordpro/source/filter/clone.hxx, //43
detail::has_clone, //1, //1, //15, //lotuswordpro/source/filter/clone.hxx, //14
basebmp::AccessorTraits, //8, //8, //19, //include/basebmp/accessortraits.hxx, //79
basebmp::AccessorTraits::masked_accessor, //0, //0, //7, //include/basebmp/accessortraits.hxx, //110
basebmp::ifBothScalarIntegral, //0, //0, //11, //include/basebmp/metafunctions.hxx, //157
basebmp::outputMaskFunctorSelector, //0, //0, //6, //include/basebmp/accessortraits.hxx, //42
basebmp::project2nd, //1, //1, //4, //include/basebmp/metafunctions.hxx, //217
Free, //0, //0, //7, //hwpfilter/source/hwpreader.cxx, //83
basebmp::masked_input_splitting_accessor, //0, //0, //11, //basebmp/source/bitmapdevice.cxx, //136
cppu::ImplClassData2, //0, //0, //17, //include/cppuhelper/implbase2.hxx, //38
framework::lcl_RemoveController, //0, //0, //14, //framework/source/uielement/statusbarmanager.cxx, //88
framework::lcl_UpdateController, //0, //0, //14, //framework/source/uielement/statusbarmanager.cxx, //72
dp_misc::StaticResourceString, //0, //0, //4, //desktop/source/deployment/inc/dp_resource.h, //38
basebmp::IteratorTraits, //0, //0, //10, //include/basebmp/iteratortraits.hxx, //29
basebmp::IteratorTraits::defaultAccessor, //0, //0, //1, //include/basebmp/iteratortraits.hxx, //36
basebmp::add_const, //0, //0, //4, //include/basebmp/metafunctions.hxx, //49
basebmp::add_const, //0, //0, //4, //include/basebmp/metafunctions.hxx, //53
basebmp::clone_const, //0, //0, //4, //include/basebmp/metafunctions.hxx, //41
basebmp::ifScalarNonIntegral, //0, //0, //11, //include/basebmp/metafunctions.hxx, //143
basebmp::remove_const, //0, //0, //4, //include/basebmp/metafunctions.hxx, //63
stoc_connector::ReferenceEqual, //0, //0, //8, //io/source/connector/connector.hxx, //42
stoc_connector::ReferenceHash, //0, //0, //7, //io/source/connector/connector.hxx, //33
cppu::ImplClassData10, //0, //0, //25, //include/cppuhelper/implbase10.hxx, //39
slideshow::internal::custom_real_parser_policies, //0, //0, //9, //slideshow/source/engine/smilfunctionparser.cxx, //370
com::sun::star::uno::detail::UpCast, //1, //1, //26, //include/com/sun/star/uno/Reference.h, //173
com::sun::star::uno::detail::UpCast::C, //1, //0, //2, //include/com/sun/star/uno/Reference.h, //175
com::sun::star::uno::detail::UpCast::C, //0, //0, //2, //include/com/sun/star/uno/Reference.h, //178
com::sun::star::uno::detail::UpCast, //0, //0, //1, //include/com/sun/star/uno/Reference.h, //205
basebmp::AccessorTraits, //0, //0, //14, //include/basebmp/paletteformats.hxx, //54
basebmp::AccessorTraits::masked_accessor, //0, //0, //4, //include/basebmp/paletteformats.hxx, //80
basebmp::ColorLookup, //1, //1, //8, //include/basebmp/paletteformats.hxx, //42
basebmp::PaletteAccessorSelector, //1, //1, //7, //include/basebmp/paletteformats.hxx, //88
basebmp::PaletteAccessorSelector::wrap_accessor, //0, //0, //4, //include/basebmp/paletteformats.hxx, //90
basebmp::PixelFormatTraitsTemplate_PackedPalette, //4, //4, //7, //include/basebmp/paletteformats.hxx, //108
basebmp::PixelFormatTraitsTemplate_Palette, //1, //1, //7, //include/basebmp/paletteformats.hxx, //99
cppu::ImplClassData8, //0, //0, //23, //include/cppuhelper/implbase8.hxx, //39
ScDeleteObjectByPtr, //0, //0, //7, //sc/inc/stlalgorithm.hxx, //20
slideshow::internal::FunctionApply, //1, //1, //9, //slideshow/source/inc/listenercontainer.hxx, //63
slideshow::internal::FunctionApply, //0, //0, //10, //slideshow/source/inc/listenercontainer.hxx, //73
slideshow::internal::ListenerOperations, //6, //1, //38, //slideshow/source/inc/listenercontainer.hxx, //84

function template, instantiations, multiple overload instantiations, loc, definition file path, line
rtl::OUString::OUString, //377, //1, //12, //include/rtl/ustring.hxx, //183
rtl::OString::OString, //746, //1, //5, //include/rtl/string.hxx, //159
rtl::OString::equalsIgnoreAsciiCase, //0, //0, //9, //include/rtl/string.hxx, //533
operator<<, //40, //1, //5, //include/basegfx/point/b2dpoint.hxx, //142
operator<<, //13, //1, //9, //include/basegfx/range/b2ibox.hxx, //261
sal::static_int_cast, //129, //1, //3, //include/sal/types.h, //455
lclGetProperty, //0, //0, //11, //sc/source/ui/vba/vbasheetobjects.cxx, //43
oox::RefVector::findIf, //0, //0, //5, //include/oox/helper/refvector.hxx, //150
oox::RefVector::forEach, //0, //0, //4, //include/oox/helper/refvector.hxx, //70
oox::RefVector::forEachMem, //0, //0, //4, //include/oox/helper/refvector.hxx, //78
oox::RefVector::forEachMem, //0, //0, //4, //include/oox/helper/refvector.hxx, //86
oox::RefVector::forEachMem, //0, //0, //4, //include/oox/helper/refvector.hxx, //94
oox::RefVector::forEachMem, //0, //0, //4, //include/oox/helper/refvector.hxx, //102
oox::RefVector::forEachMemWithIndex, //0, //0, //4, //include/oox/helper/refvector.hxx, //118
oox::RefVector::forEachMemWithIndex, //0, //0, //4, //include/oox/helper/refvector.hxx, //126
oox::RefVector::forEachMemWithIndex, //0, //0, //4, //include/oox/helper/refvector.hxx, //134
oox::RefVector::forEachMemWithIndex, //0, //0, //4, //include/oox/helper/refvector.hxx, //142
oox::RefVector::forEachWithIndex, //0, //0, //4, //include/oox/helper/refvector.hxx, //110
connectivity::copyArrayAndDelete, //0, //0, //17, //connectivity/source/inc/java/tools.hxx, //46
rtl::OUString::operator=, //37, //1, //9, //include/rtl/ustring.hxx, //338
comphelper::service_decl::vba_service_class_::vba_service_class_, //0, //0, //1, //sc/source/ui/vba/helperdecl.hxx, //44
comphelper::service_decl::vba_service_class_::vba_service_class_, //0, //0, //1, //include/vbahelper/helperdecl.hxx, //42
comphelper::newArray_ex, //0, //0, //8, //include/comphelper/newarray.hxx, //39
comphelper::newArray_null, //8, //1, //8, //include/comphelper/newarray.hxx, //30
oox::xls::BiffInputStream::operator>>, //17, //1, //1, //sc/source/filter/inc/biffinputstream.hxx, //233
reportdesign::OFixedText::set, //0, //0, //15, //reportdesign/source/core/inc/FixedText.hxx, //53
chart::FlattenSequence, //0, //0, //18, //chart2/source/inc/CommonConverters.hxx, //192
chart::FlattenVector, //0, //0, //11, //chart2/source/inc/CommonConverters.hxx, //213
rtl::OUStringBuffer::append, //35, //1, //7, //include/rtl/ustrbuf.hxx, //488
slideshow::internal::LayerManager::manageViews, //0, //0, //21, //slideshow/source/engine/slide/layermanager.cxx, //53
ImplBlendLines, //0, //0, //15, //vcl/source/gdi/bmpfast.cxx, //303
ImplBlendLines, //0, //0, //18, //vcl/source/gdi/bmpfast.cxx, //320
ImplBlendPixels, //2, //1, //24, //vcl/source/gdi/bmpfast.cxx, //273
ImplConvertLine, //1, //1, //12, //vcl/source/gdi/bmpfast.cxx, //258
ImplConvertPixel, //2, //2, //6, //vcl/source/gdi/bmpfast.cxx, //238
reinterpret_cast_mingw_only, //0, //0, //1, //connectivity/source/drivers/mozab/post_include_mozilla.h, //47
ww::needed_cast, //2, //1, //4, //sw/source/filter/ww8/needed_cast.hxx, //43
sw::types::msword_cast, //0, //0, //4, //sw/source/filter/ww8/writerwordglue.hxx, //80
sw::types::writer_cast, //0, //0, //4, //sw/source/filter/ww8/writerwordglue.hxx, //54
reportdesign::OFunction::set, //0, //0, //12, //reportdesign/source/core/inc/Function.hxx, //54
unnamed_tools_inetmime::getCharsetEncoding_Impl, //0, //0, //9, //tools/source/inet/inetmime.cxx, //1171
oox::getFlag, //10, //1, //4, //include/oox/helper/helper.hxx, //138
ComparePosition, //0, //0, //42, //sw/inc/pam.hxx, //92
o3tl::compose1, //1, //1, //4, //include/o3tl/compat_functional.hxx, //109
chart::CommonFunctors::findValueInMap, //0, //0, //9, //chart2/source/inc/CommonFunctors.hxx, //185
accessibility::AccessibleTextEventQueue::ForEach, //0, //0, //4, //svx/source/accessibility/AccessibleTextEventQueue.hxx, //72
xmlscript::extract_throw, //1, //1, //10, //xmlscript/source/inc/misc.hxx, //29
xmlscript::extract_throw, //1, //1, //6, //xmlscript/source/inc/misc.hxx, //41
operator<<, //34, //1, //13, //include/basegfx/polygon/b2dpolygon.hxx, //226
operator<<, //39, //1, //5, //include/basegfx/range/b2drange.hxx, //320
operator<<, //40, //1, //5, //include/tools/gen.hxx, //350
operator<<, //43, //1, //5, //include/tools/gen.hxx, //284
operator<<, //46, //1, //5, //include/tools/gen.hxx, //232
operator<<, //49, //1, //5, //include/tools/gen.hxx, //196
basegfx2d::b1Xrange::implCheck, //0, //0, //30, //basegfx/test/basegfx2d.cxx, //910
basegfx2d::b2Xrange::implCheck, //0, //0, //16, //basegfx/test/basegfx2d.cxx, //1035
lcl_queryIsPackage, //0, //0, //15, //writerperfect/source/impress/KeynoteImportFilter.cxx, //73
rtl::OUStringBuffer::OUStringBuffer, //0, //0, //10, //include/rtl/ustrbuf.hxx, //150
rtl::OUStringBuffer::insert, //0, //0, //7, //include/rtl/ustrbuf.hxx, //809
avmedia::vlc::wrapper::InitApiMap, //5, //1, //23, //avmedia/source/vlc/wrapper/SymbolLoader.hxx, //93
svxform::getTypedModelNode, //0, //0, //14, //svx/source/form/fmcontrollayout.cxx, //78
o3tl::swap, //1, //1, //6, //include/o3tl/heap_ptr.hxx, //144
lcl_getFunctionFromModuleOrUnload, //0, //0, //18, //connectivity/source/drivers/kab/KDriver.cxx, //89
lcl_getProperty, //0, //0, //16, //chart2/source/model/main/ChartModel_Persistence.cxx, //78
rtl::OString::startsWith, //6, //1, //10, //include/rtl/string.hxx, //707
rtl::OString::OString, //852, //1, //12, //include/rtl/string.hxx, //183
doubleToString, //0, //0, //317, //sal/rtl/math.cxx, //279
ComPtr::query, //0, //0, //4, //include/systools/win32/comptr.hxx, //180
lcl_SequenceToVector, //0, //0, //5, //xmloff/source/chart/SchXMLExport.cxx, //313
lcl_SequenceToVectorAppend, //0, //0, //6, //xmloff/source/chart/SchXMLExport.cxx, //305
o3tl::operator!=, //14, //1, //5, //include/o3tl/cow_wrapper.hxx, //294
o3tl::operator<, //8, //1, //5, //include/o3tl/cow_wrapper.hxx, //300
o3tl::operator==, //21, //1, //5, //include/o3tl/cow_wrapper.hxx, //288
cow_wrapper_test::test, //3, //1, //57, //o3tl/qa/test-cow_wrapper.cxx, //35
MultiPropertySetHandler::Add, //0, //0, //4, //xmloff/source/chart/MultiPropertySetHandler.hxx, //134
oox::xls::WorkbookContextBase::WorkbookContextBase, //0, //0, //2, //sc/source/filter/inc/excelhandlers.hxx, //40
oox::xls::WorksheetContextBase::WorksheetContextBase, //0, //0, //2, //sc/source/filter/inc/excelhandlers.hxx, //54
testPrintf, //2, //1, //9, //sal/qa/sal/test_types.cxx, //31
oox::drawingml::chart::ModelMap::create, //0, //0, //1, //include/oox/drawingml/chart/modelbase.hxx, //89
oox::drawingml::chart::ModelRef::create, //0, //0, //1, //include/oox/drawingml/chart/modelbase.hxx, //47
oox::drawingml::chart::ModelRef::getOrCreate, //0, //0, //1, //include/oox/drawingml/chart/modelbase.hxx, //51
oox::drawingml::chart::ModelVector::create, //0, //0, //1, //include/oox/drawingml/chart/modelbase.hxx, //68
lclConvertToPropertySet, //0, //0, //16, //chart2/source/controller/itemsetwrapper/RegressionCurveItemConverter.cxx, //73
svt::table::lcl_get, //0, //0, //13, //svtools/source/uno/unogridcolumnfacade.cxx, //74
svt::table::lcl_set, //0, //0, //12, //svtools/source/uno/unogridcolumnfacade.cxx, //60
canvas::tools::verifyArgs, //0, //0, //7, //include/canvas/verifyinput.hxx, //449
canvas::tools::verifyArgs, //0, //0, //9, //include/canvas/verifyinput.hxx, //458
canvas::tools::verifyArgs, //0, //0, //11, //include/canvas/verifyinput.hxx, //470
canvas::tools::verifyArgs, //0, //0, //13, //include/canvas/verifyinput.hxx, //485
canvas::tools::verifyArgs, //0, //0, //15, //include/canvas/verifyinput.hxx, //503
canvas::tools::verifyArgs, //0, //0, //17, //include/canvas/verifyinput.hxx, //524
canvas::tools::verifyArgs, //0, //0, //19, //include/canvas/verifyinput.hxx, //548
canvas::tools::verifyIndexRange, //0, //0, //8, //include/canvas/verifyinput.hxx, //608
canvas::tools::verifyInput, //0, //0, //20, //include/canvas/verifyinput.hxx, //386
canvas::tools::verifyInput, //28, //1, //12, //include/canvas/verifyinput.hxx, //424
canvas::tools::verifyInput, //0, //0, //7, //include/canvas/verifyinput.hxx, //438
canvas::tools::verifyRange, //0, //0, //8, //include/canvas/verifyinput.hxx, //572
canvas::tools::verifyRange, //0, //0, //8, //include/canvas/verifyinput.hxx, //596
eliminate, //2, //1, //28, //basegfx/source/workbench/gauss.hxx, //42
solve, //1, //1, //10, //basegfx/source/workbench/gauss.hxx, //154
substitute, //2, //1, //18, //basegfx/source/workbench/gauss.hxx, //104
ooo::vba::getXSomethingFromArgs, //0, //0, //9, //include/vbahelper/vbahelper.hxx, //48
slideshow::internal::WaitSymbol::for_each_sprite, //0, //0, //8, //slideshow/source/engine/waitsymbol.hxx, //77
comphelper::makeSequence, //0, //0, //4, //include/comphelper/makesequence.hxx, //33
Expand, //0, //0, //9, //sc/source/core/tool/refupdat.cxx, //201
IsExpand, //0, //0, //10, //sc/source/core/tool/refupdat.cxx, //189
lcl_MoveEnd, //1, //1, //19, //sc/source/core/tool/refupdat.cxx, //48
lcl_MoveItCut, //0, //0, //16, //sc/source/core/tool/refupdat.cxx, //104
lcl_MoveItWrap, //0, //0, //8, //sc/source/core/tool/refupdat.cxx, //122
lcl_MoveRefPart, //0, //0, //55, //sc/source/core/tool/refupdat.cxx, //132
lcl_MoveReorder, //0, //0, //31, //sc/source/core/tool/refupdat.cxx, //69
lcl_MoveStart, //1, //1, //19, //sc/source/core/tool/refupdat.cxx, //27
com::sun::star::uno::Any::has, //1, //1, //8, //include/com/sun/star/uno/Any.hxx, //152
set_flag, //13, //4, //2, //sc/source/filter/inc/ftools.hxx, //108
rptui::getStyleProperty, //0, //0, //7, //reportdesign/inc/RptDef.hxx, //106
rptui::setStyleProperty, //0, //0, //6, //reportdesign/inc/RptDef.hxx, //114
chart::ModifyListenerHelper::addListener, //0, //0, //11, //chart2/source/inc/ModifyListenerHelper.hxx, //191
chart::ModifyListenerHelper::addListenerToAllElements, //0, //0, //9, //chart2/source/inc/ModifyListenerHelper.hxx, //204
chart::ModifyListenerHelper::addListenerToAllMapElements, //0, //0, //9, //chart2/source/inc/ModifyListenerHelper.hxx, //215
chart::ModifyListenerHelper::addListenerToAllSequenceElements, //0, //0, //9, //chart2/source/inc/ModifyListenerHelper.hxx, //226
chart::ModifyListenerHelper::removeListener, //0, //0, //11, //chart2/source/inc/ModifyListenerHelper.hxx, //237
chart::ModifyListenerHelper::removeListenerFromAllElements, //0, //0, //9, //chart2/source/inc/ModifyListenerHelper.hxx, //250
chart::ModifyListenerHelper::removeListenerFromAllMapElements, //0, //0, //9, //chart2/source/inc/ModifyListenerHelper.hxx, //261
chart::ModifyListenerHelper::removeListenerFromAllSequenceElements, //0, //0, //9, //chart2/source/inc/ModifyListenerHelper.hxx, //272
oox::getLimitedValue, //2, //1, //4, //include/oox/helper/helper.hxx, //111
ww::checking_cast, //1, //1, //4, //sw/source/filter/ww8/needed_cast.hxx, //27
ww::checking_cast, //1, //1, //5, //sw/source/filter/ww8/needed_cast.hxx, //32
oox::BinaryOutputStream::writeValue, //3, //1, //5, //include/oox/helper/binaryoutputstream.hxx, //96
oox::ole::AxAlignedOutputStream::padAligned, //0, //0, //1, //include/oox/ole/axbinarywriter.hxx, //63
oox::ole::AxAlignedOutputStream::writeAligned, //0, //0, //1, //include/oox/ole/axbinarywriter.hxx, //60
oox::ole::AxBinaryPropertyWriter::writeIntProperty, //0, //0, //2, //include/oox/ole/axbinarywriter.hxx, //90
pcr::clearContainer, //9, //1, //5, //extensions/source/propctrlr/pcrcommon.hxx, //56
svgi::square, //4, //1, //4, //filter/source/svg/svgreader.cxx, //107
svgi::visitChildren, //0, //0, //13, //filter/source/svg/svgreader.cxx, //61
svgi::visitElements, //0, //0, //20, //filter/source/svg/svgreader.cxx, //80
store::swap, //4, //1, //4, //store/source/storbase.hxx, //88
PageData::Allocator::construct, //0, //0, //9, //store/workben/t_page.cxx, //182
PageHolderObject::dynamic_page_cast, //6, //1, //4, //store/workben/t_page.cxx, //340
PageHolderObject::dynamic_page_cast, //6, //1, //4, //store/workben/t_page.cxx, //346
PageHolderObject::isA, //2, //1, //4, //store/workben/t_page.cxx, //334
TestBIOS::save, //0, //0, //7, //store/workben/t_page.cxx, //528
dynamic_page_cast, //1, //1, //6, //store/workben/t_page.cxx, //482
dynamic_page_cast, //1, //1, //6, //store/workben/t_page.cxx, //490
swap, //4, //4, //4, //store/workben/t_page.cxx, //32
cppu::mapIn, //0, //0, //5, //include/cppu/Map.hxx, //56
cppu::mapOut, //0, //0, //5, //include/cppu/Map.hxx, //41
operator<<, //0, //0, //13, //include/basegfx/polygon/b2dpolypolygon.hxx, //136
rtl::OString::OString, //4, //1, //5, //include/rtl/string.hxx, //166
rtl::OString::endsWith, //2, //1, //15, //include/rtl/string.hxx, //747
rtl::OString::equalsIgnoreAsciiCase, //0, //0, //4, //include/rtl/string.hxx, //516
rtl::OString::match, //0, //0, //8, //include/rtl/string.hxx, //598
rtl::OString::matchIgnoreAsciiCase, //0, //0, //7, //include/rtl/string.hxx, //671
rtl::OString::operator=, //22, //1, //10, //include/rtl/string.hxx, //279
rtl::operator<<, //1, //1, //6, //include/rtl/string.hxx, //1729
rtl::operator!=, //0, //0, //4, //include/rtl/allocator.hxx, //164
rtl::operator==, //0, //0, //6, //include/rtl/allocator.hxx, //156
lcl_popOrZero, //11, //2, //8, //starmath/source/mathmlimport.cxx, //86
rtl::get_pointer, //0, //0, //4, //include/rtl/ref.hxx, //233
std::operator<<, //1, //1, //6, //sal/qa/rtl/strings/test_oustring_concat.cxx, //30
o3tl::compose2, //0, //0, //4, //include/o3tl/compat_functional.hxx, //134
o3tl::iota, //0, //0, //5, //include/o3tl/compat_functional.hxx, //141
lcl_popOrZero, //23, //1, //8, //starmath/source/parse.cxx, //43
oox::RelativeInputStream::operator>>, //0, //0, //1, //include/oox/helper/binaryinputstream.hxx, //418
oox::xls::FormulaParserImpl::pushReferenceOperand, //0, //0, //11, //sc/source/filter/oox/formulaparser.cxx, //952
oox::xls::FormulaParserImpl::pushValueOperand, //0, //0, //4, //sc/source/filter/oox/formulaparser.cxx, //900
oox::xls::FormulaParserImpl::pushValueOperand, //2, //1, //2, //sc/source/filter/oox/formulaparser.cxx, //507
oox::xls::FormulaParserImpl::pushValueOperandToken, //0, //0, //7, //sc/source/filter/oox/formulaparser.cxx, //784
oox::xls::FormulaParserImpl::pushValueOperandToken, //0, //0, //2, //sc/source/filter/oox/formulaparser.cxx, //492
rtl::OString::equalsIgnoreAsciiCase, //0, //0, //4, //include/rtl/string.hxx, //522
pcr::copyBagToArray, //0, //0, //5, //extensions/source/propctrlr/propertycomposer.cxx, //68
pcr::putIntoBag, //0, //0, //5, //extensions/source/propctrlr/propertycomposer.cxx, //60
com::sun::star::uno::Any::Any, //2, //1, //7, //include/com/sun/star/uno/Any.hxx, //53
clone, //12, //6, //4, //lotuswordpro/source/filter/clone.hxx, //61
Test::insertRangeData, //13, //1, //20, //sc/qa/unit/ucalc.hxx, //42
runTestHorizontalMATCH, //2, //1, //32, //sc/qa/unit/ucalc_formula.cxx, //2211
runTestMATCH, //2, //1, //32, //sc/qa/unit/ucalc_formula.cxx, //2172
reportdesign::OFormatCondition::set, //0, //0, //12, //reportdesign/source/core/inc/FormatCondition.hxx, //51
msfilter::lclRotateLeft, //0, //0, //7, //filter/source/msfilter/mscodec.cxx, //46
msfilter::lclRotateLeft, //0, //0, //7, //filter/source/msfilter/mscodec.cxx, //56
sfx2::getURI, //0, //0, //7, //sfx2/source/doc/DocumentMetadataAccess.cxx, //218
chart::ContainerHelper::ContainerToSequence, //0, //0, //7, //chart2/source/inc/ContainerHelper.hxx, //47
chart::ContainerHelper::MapKeysToSequence, //0, //0, //8, //chart2/source/inc/ContainerHelper.hxx, //142
chart::ContainerHelper::MapValuesToSequence, //0, //0, //8, //chart2/source/inc/ContainerHelper.hxx, //159
chart::ContainerHelper::SequenceToSTLContainer, //1, //1, //8, //chart2/source/inc/ContainerHelper.hxx, //95
chart::ContainerHelper::SequenceToSTLSequenceContainer, //1, //1, //8, //chart2/source/inc/ContainerHelper.hxx, //69
chart::ContainerHelper::SequenceToSet, //0, //0, //5, //chart2/source/inc/ContainerHelper.hxx, //128
chart::ContainerHelper::SequenceToVector, //0, //0, //5, //chart2/source/inc/ContainerHelper.hxx, //114
add, //0, //0, //6, //vcl/workben/outdevgrind.cxx, //85
benchmark_test::createInstance, //0, //0, //64, //testtools/source/performance/ubtest.cxx, //317
basebmp::createRenderer, //0, //0, //30, //basebmp/source/bitmapdevice.cxx, //1883
io_acceptor::notifyListeners, //0, //0, //13, //io/source/acceptor/acc_socket.cxx, //113
ScAnyRefDlg::ScAnyRefDlg, //0, //0, //4, //sc/source/ui/inc/anyrefdg.hxx, //307
ScAnyRefDlg::ScAnyRefDlg, //0, //0, //4, //sc/source/ui/inc/anyrefdg.hxx, //313
ScRefHdlrImpl::ScRefHdlrImpl, //0, //0, //5, //sc/source/ui/inc/anyrefdg.hxx, //285
ScRefHdlrImpl::ScRefHdlrImpl, //0, //0, //5, //sc/source/ui/inc/anyrefdg.hxx, //292
ScRefHdlrImplBase::ScRefHdlrImplBase, //0, //0, //8, //sc/source/ui/inc/anyrefdg.hxx, //221
ScRefHdlrImplBase::ScRefHdlrImplBase, //0, //0, //8, //sc/source/ui/inc/anyrefdg.hxx, //230
ScRefHdlrImplBase::ScRefHdlrImplBase, //0, //0, //7, //sc/source/ui/inc/anyrefdg.hxx, //239
ScRefHdlrImplBase::ScRefHdlrImplBase, //0, //0, //7, //sc/source/ui/inc/anyrefdg.hxx, //247
oox::xls::RichStringContext::RichStringContext, //0, //0, //6, //sc/source/filter/inc/richstringcontext.hxx, //51
PutInOrder, //12, //3, //10, //sc/inc/address.hxx, //744
extract_value, //1, //1, //2, //sc/source/filter/inc/ftools.hxx, //101
get_flagvalue, //5, //1, //2, //sc/source/filter/inc/ftools.hxx, //93
chart::DisposeHelper::Dispose, //4, //1, //7, //chart2/source/inc/DisposeHelper.hxx, //35
chart::DisposeHelper::DisposeAllElements, //0, //0, //4, //chart2/source/inc/DisposeHelper.hxx, //78
chart::DisposeHelper::DisposeAllMapElements, //0, //0, //4, //chart2/source/inc/DisposeHelper.hxx, //84
chart::DisposeHelper::DisposeAndClear, //0, //0, //5, //chart2/source/inc/DisposeHelper.hxx, //44
cppu_ifcontainer::IfTest::doContainerTest, //0, //0, //45, //cppuhelper/qa/ifcontainer/cppu_ifcontainer.cxx, //136
PaletteImageAccessor::operator(), //0, //0, //1, //basebmp/test/bmpdemo.cxx, //919
PaletteImageAccessor::operator(), //0, //0, //4, //basebmp/test/bmpdemo.cxx, //923
PaletteImageAccessor::set, //0, //0, //6, //basebmp/test/bmpdemo.cxx, //929
PaletteImageAccessor::set, //0, //0, //7, //basebmp/test/bmpdemo.cxx, //937
get_mask, //8, //3, //11, //basebmp/test/bmpdemo.cxx, //230
get_shift, //6, //3, //6, //basebmp/test/bmpdemo.cxx, //245
is_negative, //0, //0, //4, //basebmp/test/bmpdemo.cxx, //217
canvas::tools::bitcount, //0, //0, //9, //include/canvas/canvastools.hxx, //115
canvas::tools::numeric_cast, //0, //0, //19, //include/canvas/canvastools.hxx, //394
reportdesign::OFixedLine::set, //0, //0, //12, //reportdesign/source/core/inc/FixedLine.hxx, //58
reportdesign::OGroup::set, //0, //0, //15, //reportdesign/source/core/inc/Group.hxx, //57
chart::CloneHelper::CloneRefMap, //0, //0, //8, //chart2/source/inc/CloneHelper.hxx, //92
chart::CloneHelper::CloneRefPairVector, //0, //0, //8, //chart2/source/inc/CloneHelper.hxx, //81
chart::CloneHelper::CloneRefSequence, //0, //0, //9, //chart2/source/inc/CloneHelper.hxx, //103
chart::CloneHelper::CloneRefVector, //0, //0, //8, //chart2/source/inc/CloneHelper.hxx, //71
is_equal, //0, //0, //54, //sal/qa/inc/valueequal.hxx, //27
rtl::operator<<, //2, //1, //6, //include/rtl/ustring.hxx, //2435
lcl_getFunctionFromModuleOrUnload, //0, //0, //15, //connectivity/source/drivers/macab/MacabDriver.cxx, //62
basebmp::createRenderer, //0, //0, //24, //basebmp/source/bitmapdevice.cxx, //1857
rtl::OStringBuffer::append, //2, //1, //7, //include/rtl/strbuf.hxx, //471
rtl::OStringBuffer::insert, //0, //0, //7, //include/rtl/strbuf.hxx, //704
ulimit_cast, //1, //1, //2, //sc/source/filter/inc/ftools.hxx, //71
ulimit_cast, //1, //1, //2, //sc/source/filter/inc/ftools.hxx, //66
lclFillListBox, //0, //0, //19, //sc/source/ui/dbgui/pvfundlg.cxx, //62
lclFillListBox, //0, //0, //17, //sc/source/ui/dbgui/pvfundlg.cxx, //83
pcr::getFacet, //0, //0, //13, //extensions/source/propctrlr/xsddatatypes.cxx, //71
pcr::getSave, //0, //0, //13, //extensions/source/propctrlr/xsddatatypes.cxx, //56
pcr::setSave, //0, //0, //11, //extensions/source/propctrlr/xsddatatypes.cxx, //42
rtl::OStringBuffer::append, //22, //1, //4, //include/rtl/strbuf.hxx, //454
operator<<, //0, //0, //5, //include/basegfx/vector/b2ivector.hxx, //146
oox::xls::BorderContext::BorderContext, //0, //0, //2, //sc/source/filter/inc/stylesfragment.hxx, //63
oox::xls::DxfContext::DxfContext, //0, //0, //2, //sc/source/filter/inc/stylesfragment.hxx, //115
oox::xls::FillContext::FillContext, //0, //0, //2, //sc/source/filter/inc/stylesfragment.hxx, //80
oox::xls::FontContext::FontContext, //0, //0, //2, //sc/source/filter/inc/stylesfragment.hxx, //47
oox::xls::XfContext::XfContext, //0, //0, //2, //sc/source/filter/inc/stylesfragment.hxx, //97
ole_adapter::convertSelfToCom, //0, //0, //32, //extensions/source/ole/unoconversionutilities.hxx, //234
connectivity::java_lang_Object::callMethodWithIntArg, //0, //0, //8, //connectivity/source/inc/java/lang/Object.hxx, //131
connectivity::java_lang_Object::callVoidMethod, //0, //0, //7, //connectivity/source/inc/java/lang/Object.hxx, //141
implGenerateFieldId, //0, //0, //26, //filter/source/svg/svgexport.cxx, //824
obtain, //0, //0, //6, //dbaccess/source/core/api/resultcolumn.cxx, //179
oox::xls::ApiTokenVector::append, //0, //0, //1, //sc/source/filter/inc/formulabase.hxx, //279
vcl::solarthread::inout_by_ptr, //0, //0, //4, //include/vcl/threadex.hxx, //191
vcl::solarthread::inout_by_ref, //0, //0, //4, //include/vcl/threadex.hxx, //176
vcl::solarthread::syncExecute, //0, //0, //4, //include/vcl/threadex.hxx, //234
vcl::solarthread::syncExecute, //0, //0, //5, //include/vcl/threadex.hxx, //240
ScRandomNumberGeneratorDialog::GenerateNumbers, //0, //0, //26, //sc/source/ui/StatisticsDialogs/RandomNumberGeneratorDialog.cxx, //254
basegfx::B2DConnectedRanges::forEachAggregate, //0, //0, //6, //include/basegfx/range/b2dconnectedranges.hxx, //230
chart::RegressionCalculationHelper::cleanup, //0, //0, //17, //chart2/source/tools/RegressionCalculationHelper.hxx, //51
comphelper::string::detail::truncateToLength, //0, //0, //6, //include/comphelper/string.hxx, //236
sdr::table::insert_range, //0, //0, //21, //svx/source/table/tablemodel.cxx, //90
sdr::table::remove_range, //0, //0, //28, //svx/source/table/tablemodel.cxx, //56
absval, //4, //1, //4, //basegfx/source/workbench/bezierclip.hxx, //69
ccw, //1, //1, //26, //basegfx/source/workbench/convexhull.cxx, //69
theta, //3, //1, //13, //basegfx/source/workbench/convexhull.cxx, //29
o3tl::make_range, //4, //1, //5, //include/o3tl/range.hxx, //74
o3tl::range_of, //0, //0, //7, //include/o3tl/range.hxx, //81
o3tl::range_of, //0, //0, //7, //include/o3tl/range.hxx, //90
oox::BinaryOutputStream::operator<<, //0, //0, //1, //include/oox/helper/binaryoutputstream.hxx, //69
oox::BinaryOutputStream::writeArray, //0, //0, //6, //include/oox/helper/binaryoutputstream.hxx, //84
oox::BinaryXOutputStream::operator<<, //0, //0, //1, //include/oox/helper/binaryoutputstream.hxx, //139
oox::ByteOrderConverter::convertLittleEndian, //3, //1, //1, //include/oox/helper/helper.hxx, //256
equalSequences, //0, //0, //15, //extensions/test/ole/OleClient/funcs.cxx, //271
basebmp::PaletteImageAccessor::PaletteImageAccessor, //0, //0, //6, //include/basebmp/paletteimageaccessor.hxx, //68
basebmp::PaletteImageAccessor::PaletteImageAccessor, //0, //0, //7, //include/basebmp/paletteimageaccessor.hxx, //81
basebmp::PaletteImageAccessor::operator(), //0, //0, //4, //include/basebmp/paletteimageaccessor.hxx, //125
basebmp::PaletteImageAccessor::operator(), //0, //0, //4, //include/basebmp/paletteimageaccessor.hxx, //131
basebmp::PaletteImageAccessor::set, //0, //0, //7, //include/basebmp/paletteimageaccessor.hxx, //139
basebmp::PaletteImageAccessor::set, //0, //0, //8, //include/basebmp/paletteimageaccessor.hxx, //148
slideshow::internal::accumulate, //0, //0, //6, //slideshow/source/engine/activities/accumulation.hxx, //47
lcl_DisposeAndClearAndDeleteAllMapElements, //0, //0, //7, //chart2/source/controller/main/CommandDispatch.cxx, //55
add, //0, //0, //6, //basic/source/runtime/dllmgr-x86.cxx, //142
lclGetRangeAddress, //0, //0, //4, //sc/source/ui/vba/vbarange.cxx, //1283
reportdesign::OReportEngineJFree::set, //0, //0, //12, //reportdesign/source/core/inc/ReportEngineJFree.hxx, //57
anim::for_each_childNode, //0, //0, //25, //include/animations/animationnodehelper.hxx, //52
WriteSvDeclPersistList, //0, //0, //5, //include/tools/pstm.hxx, //137
operator>>, //0, //0, //5, //include/tools/pstm.hxx, //144
oox::xls::ExternalName::appendResultValue, //0, //0, //2, //sc/source/filter/inc/externallinkbuffer.hxx, //66
oox::getDoubleIntervalValue, //1, //1, //6, //include/oox/helper/helper.hxx, //127
oox::ole::lclAppendHex, //0, //0, //8, //oox/source/ole/olehelper.cxx, //203
rtl::OStringBuffer::OStringBuffer, //3, //1, //7, //include/rtl/strbuf.hxx, //160
rtl::OStringBuffer::OStringBuffer, //0, //0, //7, //include/rtl/strbuf.hxx, //169
rtl::OStringBuffer::OStringBuffer, //0, //0, //10, //include/rtl/strbuf.hxx, //189
rtl::OStringBuffer::insert, //0, //0, //4, //include/rtl/strbuf.hxx, //687
sal::detail::operator<<, //0, //0, //8, //include/sal/log.hxx, //73
svxform::getTypedModelNode, //0, //0, //14, //svx/source/form/fmdocumentclassification.cxx, //48
dxcanvas::get_pointer, //0, //0, //4, //canvas/source/directx/dx_winstuff.hxx, //204
oox::vml::lclMapShapesById, //0, //0, //13, //oox/source/vml/vmlshapecontainer.cxx, //39
rtl::OStringBuffer::insert, //0, //0, //4, //include/rtl/strbuf.hxx, //693
slideshow::internal::lerp, //0, //0, //9, //slideshow/source/engine/activities/interpolation.hxx, //124
store::OStorePageObject::construct, //0, //0, //10, //store/source/storbase.hxx, //874
store::OStorePageObject::makeHolder, //0, //0, //4, //store/source/storbase.hxx, //868
store::PageData::Allocator::construct, //0, //0, //9, //store/source/storbase.hxx, //460
store::PageHolderObject::dynamic_page_cast, //6, //1, //4, //store/source/storbase.hxx, //662
store::PageHolderObject::dynamic_page_cast, //6, //1, //4, //store/source/storbase.hxx, //668
store::PageHolderObject::isA, //2, //1, //4, //store/source/storbase.hxx, //656
chart::EventListenerHelper::addListener, //0, //0, //11, //chart2/source/inc/EventListenerHelper.hxx, //117
chart::EventListenerHelper::addListenerToAllElements, //0, //0, //9, //chart2/source/inc/EventListenerHelper.hxx, //130
chart::EventListenerHelper::addListenerToAllMapElements, //0, //0, //9, //chart2/source/inc/EventListenerHelper.hxx, //141
chart::EventListenerHelper::addListenerToAllSequenceElements, //0, //0, //9, //chart2/source/inc/EventListenerHelper.hxx, //152
chart::EventListenerHelper::removeListener, //0, //0, //11, //chart2/source/inc/EventListenerHelper.hxx, //163
chart::EventListenerHelper::removeListenerFromAllElements, //0, //0, //9, //chart2/source/inc/EventListenerHelper.hxx, //176
chart::EventListenerHelper::removeListenerFromAllMapElements, //0, //0, //9, //chart2/source/inc/EventListenerHelper.hxx, //187
chart::EventListenerHelper::removeListenerFromAllSequenceElements, //0, //0, //9, //chart2/source/inc/EventListenerHelper.hxx, //198
toolkit::GridColumn::impl_set, //0, //0, //9, //toolkit/source/controls/grid/gridcolumn.hxx, //103
comphelper::query_aggregation, //0, //0, //12, //include/comphelper/uno3.hxx, //233
comphelper::query_interface, //0, //0, //15, //include/comphelper/uno3.hxx, //253
operator<<, //0, //0, //8, //sc/source/filter/inc/xlescher.hxx, //327
operator>>, //0, //0, //14, //sc/source/filter/inc/xlescher.hxx, //308
basebmp::NonStandardAccessor::operator(), //0, //0, //4, //include/basebmp/accessor.hxx, //82
basebmp::NonStandardAccessor::operator(), //0, //0, //4, //include/basebmp/accessor.hxx, //88
basebmp::NonStandardAccessor::set, //0, //0, //4, //include/basebmp/accessor.hxx, //96
basebmp::NonStandardAccessor::set, //0, //0, //5, //include/basebmp/accessor.hxx, //102
basebmp::StandardAccessor::operator(), //0, //0, //4, //include/basebmp/accessor.hxx, //41
basebmp::StandardAccessor::operator(), //0, //0, //4, //include/basebmp/accessor.hxx, //47
basebmp::StandardAccessor::set, //0, //0, //4, //include/basebmp/accessor.hxx, //55
basebmp::StandardAccessor::set, //0, //0, //4, //include/basebmp/accessor.hxx, //61
ScfPropertySet::ScfPropertySet, //13, //1, //1, //sc/source/filter/inc/fapihelper.hxx, //119
lcl_HideAndDeleteControl, //0, //0, //13, //dbaccess/source/ui/control/FieldDescControl.cxx, //79
basegfx::clamp, //1, //1, //15, //include/basegfx/numeric/ftools.hxx, //105
assertEqual, //0, //0, //8, //stoc/test/registry_tdprovider/testregistrytdprovider.cxx, //107
FieldMarkParamsHelper::extractParam, //0, //0, //11, //sw/source/filter/ww8/docxattributeoutput.cxx, //198
lclCompareVectors, //0, //0, //11, //sc/source/filter/excel/xestring.cxx, //41
lclHashVector, //1, //1, //8, //sc/source/filter/excel/xestring.cxx, //81
lclHashVector, //0, //0, //4, //sc/source/filter/excel/xestring.cxx, //92
swf::findPropertyValue, //0, //0, //15, //filter/source/flash/swffilter.cxx, //204
slideshow::internal::RehearseTimingsActivity::for_each_sprite, //0, //0, //7, //slideshow/source/engine/rehearsetimingsactivity.hxx, //105
oox::ole::AxAlignedInputStream::readAligned, //0, //0, //1, //include/oox/ole/axbinaryreader.hxx, //73
oox::ole::AxAlignedInputStream::skipAligned, //0, //0, //1, //include/oox/ole/axbinaryreader.hxx, //76
oox::ole::AxBinaryPropertyReader::readIntProperty, //0, //0, //2, //include/oox/ole/axbinaryreader.hxx, //104
oox::ole::AxBinaryPropertyReader::skipIntProperty, //0, //0, //1, //include/oox/ole/axbinaryreader.hxx, //131
chart::lcl_ValarrayToSequence, //0, //0, //7, //chart2/source/tools/InternalData.cxx, //61
in_range, //0, //0, //3, //vcl/source/glyphs/graphite_layout.cxx, //91
is_subrange, //1, //1, //3, //vcl/source/glyphs/graphite_layout.cxx, //96
is_subrange, //1, //1, //3, //vcl/source/glyphs/graphite_layout.cxx, //101
maximum, //0, //0, //4, //vcl/source/glyphs/graphite_layout.cxx, //123
minimum, //0, //0, //4, //vcl/source/glyphs/graphite_layout.cxx, //128
com::sun::star::uno::hash_value, //0, //0, //8, //slideshow/source/inc/tools.hxx, //90
slideshow::internal::getPropertyValue, //0, //0, //30, //slideshow/source/inc/tools.hxx, //309
slideshow::internal::getPropertyValue, //0, //0, //33, //slideshow/source/inc/tools.hxx, //341
slideshow::internal::hash_value, //1, //1, //6, //slideshow/source/inc/tools.hxx, //69
slideshow::internal::ternary_op, //0, //0, //8, //slideshow/source/inc/tools.hxx, //299
basebmp::BinarySetterFunctionAccessorAdapter::BinarySetterFunctionAccessorAdapter, //0, //0, //7, //include/basebmp/accessoradapters.hxx, //186
basebmp::BinarySetterFunctionAccessorAdapter::BinarySetterFunctionAccessorAdapter, //0, //0, //4, //include/basebmp/accessoradapters.hxx, //193
basebmp::BinarySetterFunctionAccessorAdapter::BinarySetterFunctionAccessorAdapter, //0, //0, //5, //include/basebmp/accessoradapters.hxx, //198
basebmp::BinarySetterFunctionAccessorAdapter::operator(), //0, //0, //4, //include/basebmp/accessoradapters.hxx, //221
basebmp::BinarySetterFunctionAccessorAdapter::operator(), //0, //0, //4, //include/basebmp/accessoradapters.hxx, //227
basebmp::BinarySetterFunctionAccessorAdapter::set, //0, //0, //7, //include/basebmp/accessoradapters.hxx, //235
basebmp::BinarySetterFunctionAccessorAdapter::set, //0, //0, //8, //include/basebmp/accessoradapters.hxx, //244
basebmp::JoinImageAccessorAdapter::JoinImageAccessorAdapter, //0, //0, //4, //include/basebmp/accessoradapters.hxx, //440
basebmp::JoinImageAccessorAdapter::JoinImageAccessorAdapter, //0, //0, //7, //include/basebmp/accessoradapters.hxx, //446
basebmp::JoinImageAccessorAdapter::JoinImageAccessorAdapter, //0, //0, //5, //include/basebmp/accessoradapters.hxx, //454
basebmp::JoinImageAccessorAdapter::operator(), //0, //0, //5, //include/basebmp/accessoradapters.hxx, //471
basebmp::JoinImageAccessorAdapter::operator(), //0, //0, //5, //include/basebmp/accessoradapters.hxx, //478
basebmp::JoinImageAccessorAdapter::set, //0, //0, //11, //include/basebmp/accessoradapters.hxx, //487
basebmp::JoinImageAccessorAdapter::set, //0, //0, //13, //include/basebmp/accessoradapters.hxx, //500
basebmp::TernarySetterFunctionAccessorAdapter::TernarySetterFunctionAccessorAdapter, //0, //0, //5, //include/basebmp/accessoradapters.hxx, //303
basebmp::TernarySetterFunctionAccessorAdapter::TernarySetterFunctionAccessorAdapter, //0, //0, //9, //include/basebmp/accessoradapters.hxx, //310
basebmp::TernarySetterFunctionAccessorAdapter::TernarySetterFunctionAccessorAdapter, //0, //0, //6, //include/basebmp/accessoradapters.hxx, //320
basebmp::TernarySetterFunctionAccessorAdapter::TernarySetterFunctionAccessorAdapter, //0, //0, //7, //include/basebmp/accessoradapters.hxx, //328
basebmp::TernarySetterFunctionAccessorAdapter::operator(), //0, //0, //4, //include/basebmp/accessoradapters.hxx, //357
basebmp::TernarySetterFunctionAccessorAdapter::operator(), //0, //0, //4, //include/basebmp/accessoradapters.hxx, //363
basebmp::TernarySetterFunctionAccessorAdapter::set, //0, //0, //8, //include/basebmp/accessoradapters.hxx, //371
basebmp::TernarySetterFunctionAccessorAdapter::set, //0, //0, //9, //include/basebmp/accessoradapters.hxx, //381
basebmp::UnaryFunctionAccessorAdapter::UnaryFunctionAccessorAdapter, //0, //0, //8, //include/basebmp/accessoradapters.hxx, //72
basebmp::UnaryFunctionAccessorAdapter::UnaryFunctionAccessorAdapter, //0, //0, //5, //include/basebmp/accessoradapters.hxx, //80
basebmp::UnaryFunctionAccessorAdapter::UnaryFunctionAccessorAdapter, //0, //0, //7, //include/basebmp/accessoradapters.hxx, //86
basebmp::UnaryFunctionAccessorAdapter::operator(), //0, //0, //4, //include/basebmp/accessoradapters.hxx, //113
basebmp::UnaryFunctionAccessorAdapter::operator(), //0, //0, //4, //include/basebmp/accessoradapters.hxx, //119
basebmp::UnaryFunctionAccessorAdapter::set, //0, //0, //7, //include/basebmp/accessoradapters.hxx, //127
basebmp::UnaryFunctionAccessorAdapter::set, //0, //0, //8, //include/basebmp/accessoradapters.hxx, //136
vcl::lcl_convert, //0, //0, //13, //vcl/source/gdi/pdfwriter_impl.cxx, //1356
rptui::getPositionInIndexAccess, //0, //0, //14, //reportdesign/source/ui/inc/UITools.hxx, //52
o3tl::swap, //3, //1, //5, //include/o3tl/cow_wrapper.hxx, //306
lcl_removeByFileId, //0, //0, //9, //sc/source/ui/docshell/externalrefmgr.cxx, //2533
configmgr::ValueParser::convertItems, //0, //0, //9, //configmgr/source/valueparser.cxx, //452
configmgr::parseSingleValue, //0, //0, //10, //configmgr/source/valueparser.cxx, //168
SwModelTestBase::getProperty, //0, //0, //7, //sw/qa/extras/inc/swmodeltestbase.hxx, //286
SwModelTestBase::getProperty, //0, //0, //7, //sw/qa/extras/inc/swmodeltestbase.hxx, //295
reportdesign::OImageControl::set, //0, //0, //12, //reportdesign/source/core/inc/ImageControl.hxx, //53
limit_cast, //2, //1, //2, //sc/source/filter/inc/ftools.hxx, //76
calcLineDistance, //6, //2, //8, //basegfx/source/workbench/bezierclip.hxx, //57
tolEqual, //7, //2, //1, //basegfx/source/workbench/bezierclip.hxx, //81
tolGreaterEqual, //3, //1, //1, //basegfx/source/workbench/bezierclip.hxx, //83
tolLessEqual, //3, //1, //1, //basegfx/source/workbench/bezierclip.hxx, //82
tolZero, //5, //3, //1, //basegfx/source/workbench/bezierclip.hxx, //80
Impl_applySafeRanges_rec, //11, //3, //111, //basegfx/source/workbench/bezierclip.cxx, //934
slideshow::internal::createActivity, //0, //0, //134, //slideshow/source/engine/activities/activitiesfactory.cxx, //673
slideshow::internal::createFromToByActivity, //0, //0, //48, //slideshow/source/engine/activities/activitiesfactory.cxx, //383
slideshow::internal::createValueListActivity, //0, //0, //29, //slideshow/source/engine/activities/activitiesfactory.cxx, //618
my_copy_if, //0, //0, //10, //sw/source/filter/ww8/writerhelper.cxx, //64
oox::vml::ShapeContainer::createShape, //0, //0, //6, //include/oox/vml/vmlshapecontainer.hxx, //127
oox::vml::ShapeContainer::findShape, //0, //0, //4, //include/oox/vml/vmlshapecontainer.hxx, //141
oox::vml::ShapeContainer::findShapeType, //0, //0, //4, //include/oox/vml/vmlshapecontainer.hxx, //135
convertNumber, //0, //0, //27, //unotools/source/misc/datetime.cxx, //32
basebmp::renderClippedPolyPolygon, //0, //0, //139, //include/basebmp/polypolygonrenderer.hxx, //138
basebmp::shiftLeft, //3, //1, //4, //include/basebmp/metafunctions.hxx, //202
basebmp::shiftRight, //6, //1, //4, //include/basebmp/metafunctions.hxx, //208
bridge_test::testAny, //0, //0, //32, //testtools/source/bridgetest/bridgetest.cxx, //216
reportdesign::OSection::set, //0, //0, //15, //reportdesign/source/core/inc/Section.hxx, //82
oox::core::lclRotateLeft, //0, //0, //5, //oox/source/core/binarycodec.cxx, //40
oox::core::lclRotateLeft, //0, //0, //7, //oox/source/core/binarycodec.cxx, //48
slideshow::internal::get_pointer, //0, //0, //4, //slideshow/source/engine/eventmultiplexer.cxx, //104
setStateColor, //0, //0, //14, //cppcanvas/source/mtfrenderer/implrenderer.cxx, //90
basebmp::renderClippedLine, //0, //0, //173, //include/basebmp/clippedlinerenderer.hxx, //192
xmloff::OPropertyExport::exportRemainingPropertiesSequence, //0, //0, //14, //xmloff/source/forms/propertyexport.cxx, //86
createInstance, //0, //0, //5, //winaccessibility/source/UAccCOM/acccommon.h, //65
avmedia::vlc::wrapper::tryLink, //2, //1, //17, //avmedia/source/vlc/wrapper/SymbolLoader.hxx, //72
checkDPTableOutput, //34, //17, //35, //sc/qa/unit/ucalc_pivottable.cxx, //75
insertDPSourceData, //5, //3, //24, //sc/qa/unit/ucalc_pivottable.cxx, //44
dbaccess::DatabaseDataProvider::set, //0, //0, //15, //dbaccess/source/core/inc/DatabaseDataProvider.hxx, //221
comphelper::service_decl::class_::class_, //0, //0, //1, //include/comphelper/servicedecl.hxx, //299
comphelper::service_decl::serviceimpl_base::serviceimpl_base, //0, //0, //3, //include/comphelper/servicedecl.hxx, //278
com::sun::star::uno::mapToCpp, //0, //0, //10, //include/uno/mapping.hxx, //306
com::sun::star::uno::mapToUno, //0, //0, //10, //include/uno/mapping.hxx, //329
reportdesign::OShape::set, //0, //0, //12, //reportdesign/source/core/inc/Shape.hxx, //63
basebmp::ConstantColorBlendSetterAccessorAdapter::ConstantColorBlendSetterAccessorAdapter, //0, //0, //6, //include/basebmp/colorblendaccessoradapter.hxx, //62
basebmp::ConstantColorBlendSetterAccessorAdapter::ConstantColorBlendSetterAccessorAdapter, //0, //0, //7, //include/basebmp/colorblendaccessoradapter.hxx, //69
basebmp::ConstantColorBlendSetterAccessorAdapter::ConstantColorBlendSetterAccessorAdapter, //0, //0, //8, //include/basebmp/colorblendaccessoradapter.hxx, //77
basebmp::ConstantColorBlendSetterAccessorAdapter::operator(), //0, //0, //4, //include/basebmp/colorblendaccessoradapter.hxx, //101
basebmp::ConstantColorBlendSetterAccessorAdapter::operator(), //0, //0, //4, //include/basebmp/colorblendaccessoradapter.hxx, //107
basebmp::ConstantColorBlendSetterAccessorAdapter::set, //0, //0, //9, //include/basebmp/colorblendaccessoradapter.hxx, //115
basebmp::ConstantColorBlendSetterAccessorAdapter::set, //0, //0, //10, //include/basebmp/colorblendaccessoradapter.hxx, //126
unoexe::createInstance, //0, //0, //25, //cpputools/source/unoexe/unoexe.cxx, //162
tryLink, //0, //0, //17, //connectivity/source/drivers/evoab2/EApi.cxx, //111
convert, //0, //0, //34, //ucb/source/ucp/file/filrow.cxx, //39
getContinuations, //0, //0, //16, //uui/source/getcontinuations.hxx, //48
getContinuations, //0, //0, //19, //uui/source/getcontinuations.hxx, //66
getContinuations, //0, //0, //22, //uui/source/getcontinuations.hxx, //87
setContinuation, //0, //0, //13, //uui/source/getcontinuations.hxx, //33
slideshow::internal::getDefault, //0, //0, //27, //slideshow/source/engine/animationfactory.cxx, //677
oox::ByteOrderConverter::convertLittleEndianArray, //0, //0, //1, //include/oox/helper/helper.hxx, //259
oox::ByteOrderConverter::readLittleEndian, //0, //0, //5, //include/oox/helper/helper.hxx, //288
oox::ByteOrderConverter::writeLittleEndian, //0, //0, //5, //include/oox/helper/helper.hxx, //295
oox::extractValue, //1, //1, //5, //include/oox/helper/helper.hxx, //158
oox::getFlagValue, //0, //0, //4, //include/oox/helper/helper.hxx, //145
oox::getIntervalValue, //0, //0, //6, //include/oox/helper/helper.hxx, //117
oox::insertValue, //0, //0, //6, //include/oox/helper/helper.hxx, //179
oox::setFlag, //0, //0, //4, //include/oox/helper/helper.hxx, //168
BYTESWAP, //3, //1, //6, //filter/source/graphicfilter/itiff/itiff.cxx, //32
getSafeValue, //0, //0, //8, //sd/source/ui/app/optsitem.cxx, //37
sw::UnoTunnelGetImplementation, //0, //0, //11, //sw/inc/unobaseclass.hxx, //123
sw::UnoTunnelImpl, //0, //0, //13, //sw/inc/unobaseclass.hxx, //135
o3tl::detail::LazyUpdateImpl::LazyUpdateImpl, //0, //0, //4, //include/o3tl/lazy_update.hxx, //72
o3tl::detail::LazyUpdateImpl::LazyUpdateImpl, //0, //0, //5, //include/o3tl/lazy_update.hxx, //82
ScfApiHelper::VectorToSequence, //0, //0, //5, //sc/source/filter/inc/fapihelper.hxx, //88
ScfPropSetHelper::ReadValue, //1, //1, //5, //sc/source/filter/inc/fapihelper.hxx, //274
ScfPropSetHelper::WriteValue, //1, //1, //6, //sc/source/filter/inc/fapihelper.hxx, //281
ScfPropertySet::GetProperty, //0, //0, //2, //sc/source/filter/inc/fapihelper.hxx, //151
ScfPropertySet::Set, //1, //1, //2, //sc/source/filter/inc/fapihelper.hxx, //127
ScfPropertySet::SetProperty, //0, //0, //2, //sc/source/filter/inc/fapihelper.hxx, //177
operator<<, //0, //0, //5, //sc/source/filter/inc/fapihelper.hxx, //296
operator>>, //0, //0, //5, //sc/source/filter/inc/fapihelper.hxx, //289
lcl_setLine, //0, //0, //14, //editeng/source/items/frmitems.cxx, //1865
checkForOneRange, //2, //2, //7, //sc/source/core/tool/rangelst.cxx, //505
checkForThreeRanges, //2, //2, //9, //sc/source/core/tool/rangelst.cxx, //772
checkForTwoRangesCase2, //0, //0, //7, //sc/source/core/tool/rangelst.cxx, //599
sw::util::DefaultItemGet, //0, //0, //5, //sw/source/filter/ww8/writerhelper.hxx, //391
sw::util::DefaultItemGet, //0, //0, //5, //sw/source/filter/ww8/writerhelper.hxx, //427
sw::util::HasItem, //0, //0, //5, //sw/source/filter/ww8/writerhelper.hxx, //461
sw::util::HasItem, //0, //0, //5, //sw/source/filter/ww8/writerhelper.hxx, //494
sw::util::HasItem, //0, //0, //5, //sw/source/filter/ww8/writerhelper.hxx, //590
sw::util::ItemGet, //0, //0, //5, //sw/source/filter/ww8/writerhelper.hxx, //296
sw::util::ItemGet, //0, //0, //5, //sw/source/filter/ww8/writerhelper.hxx, //325
sw::util::ItemGet, //0, //0, //5, //sw/source/filter/ww8/writerhelper.hxx, //356
sw::util::item_cast, //0, //0, //7, //sw/source/filter/ww8/writerhelper.hxx, //238
sw::util::item_cast, //0, //0, //6, //sw/source/filter/ww8/writerhelper.hxx, //264
doGetVtableSlot, //2, //2, //30, //bridges/source/cpp_uno/shared/vtables.cxx, //79
basegfx::tools::getCohenSutherlandClipFlags, //0, //0, //10, //include/basegfx/tools/rectcliptools.hxx, //49
basegfx::tools::getCohenSutherlandClipFlags, //0, //0, //10, //include/basegfx/tools/rectcliptools.hxx, //62
frm::seek_entry, //0, //0, //16, //forms/source/component/GroupManager.hxx, //80
std::operator<<, //1, //1, //6, //sal/qa/rtl/strings/test_ostring_concat.cxx, //30
oox::drawingml::lclGetStyleElement, //0, //0, //5, //oox/source/drawingml/theme.cxx, //38
testBoolean, //2, //1, //6, //sal/qa/rtl/strings/test_strings_valuex.cxx, //44
testFloat, //2, //1, //4, //sal/qa/rtl/strings/test_strings_valuex.cxx, //104
testInt, //2, //1, //25, //sal/qa/rtl/strings/test_strings_valuex.cxx, //62
basebmp::get_mask, //7, //1, //11, //include/basebmp/packedpixeliterator.hxx, //40
basebmp::get_shift, //7, //1, //6, //include/basebmp/packedpixeliterator.hxx, //55
basebmp::unsigned_cast, //8, //1, //4, //include/basebmp/metafunctions.hxx, //105
sc::opencl::SymbolTable::DeclRefArg, //0, //0, //16, //sc/source/core/opencl/formulagroupcl.cxx, //3331
sc::opencl::VectorRefFactory, //0, //0, //33, //sc/source/core/opencl/formulagroupcl.cxx, //2028
osl::mingw_reinterpret_cast, //0, //0, //1, //sal/osl/w32/path_helper.hxx, //106
o3tl::get_pointer, //0, //0, //4, //include/o3tl/cow_wrapper.hxx, //313
chart::PropertyHelper::setPropertyValue, //0, //0, //4, //chart2/source/inc/PropertyHelper.hxx, //115
chart::PropertyHelper::setPropertyValueDefault, //0, //0, //4, //chart2/source/inc/PropertyHelper.hxx, //129
sal::detail::operator<<, //0, //0, //8, //include/sal/log.hxx, //82
sal::detail::operator<<, //0, //0, //8, //include/sal/log.hxx, //91
lcl_clear, //0, //0, //5, //toolkit/source/controls/grid/sortablegriddatamodel.cxx, //253
reportdesign::OShapeHelper::getParent, //0, //0, //9, //reportdesign/source/core/inc/Tools.hxx, //159
reportdesign::OShapeHelper::getPosition, //0, //0, //10, //reportdesign/source/core/inc/Tools.hxx, //140
reportdesign::OShapeHelper::getSize, //0, //0, //11, //reportdesign/source/core/inc/Tools.hxx, //104
reportdesign::OShapeHelper::setParent, //0, //0, //9, //reportdesign/source/core/inc/Tools.hxx, //150
reportdesign::OShapeHelper::setPosition, //0, //0, //20, //reportdesign/source/core/inc/Tools.hxx, //116
reportdesign::OShapeHelper::setSize, //0, //0, //17, //reportdesign/source/core/inc/Tools.hxx, //86
reportdesign::lcl_createSectionIfNeeded, //0, //0, //7, //reportdesign/source/core/inc/Tools.hxx, //38
operator<<, //0, //0, //9, //include/tools/gen.hxx, //680
lcl_SequenceToVector, //0, //0, //7, //xmloff/source/chart/SchXMLTableContext.cxx, //205
get_flag, //25, //4, //2, //sc/source/filter/inc/ftools.hxx, //88
oox::xls::FilterColumn::createFilterSettings, //0, //0, //2, //sc/source/filter/inc/autofilterbuffer.hxx, //186
basebmp::BinaryFunctorSplittingWrapper::BinaryFunctorSplittingWrapper, //0, //0, //3, //include/basebmp/accessorfunctors.hxx, //162
basebmp::BinaryFunctorSplittingWrapper::BinaryFunctorSplittingWrapper, //0, //0, //2, //include/basebmp/accessorfunctors.hxx, //166
basegfx::doComputeSetDifference, //2, //1, //53, //basegfx/source/range/b2xrange.cxx, //35
rptui::lcl_round, //0, //0, //10, //reportdesign/source/ui/inspection/GeometryHandler.cxx, //187
xmloff::pushBackSequenceElement, //0, //0, //6, //xmloff/source/forms/elementimport.cxx, //98
cppu::getTypeFavourUnsigned, //1, //1, //4, //include/cppu/unotype.hxx, //287
com::sun::star::uno::operator<<, //1, //1, //61, //include/com/sun/star/uno/Any.hxx, //600
loplugin::Plugin::createHelper, //0, //0, //4, //compilerplugins/clang/plugin.hxx, //189
rptui::lcl_applyFontAttribute, //0, //0, //8, //reportdesign/source/ui/misc/UITools.cxx, //562
utl::operator==, //2, //1, //4, //include/unotools/sharedunocomponent.hxx, //258
utl::operator==, //1, //1, //4, //include/unotools/sharedunocomponent.hxx, //264
getValue, //0, //0, //21, //extensions/source/update/check/updatecheckconfig.hxx, //214
xforms_setValue, //0, //0, //7, //xmloff/source/xforms/xformsapi.hxx, //53
add, //0, //0, //6, //basic/source/runtime/dllmgr-x64.cxx, //133
reportdesign::OFormattedField::set, //0, //0, //15, //reportdesign/source/core/inc/FormattedField.hxx, //56
basebmp::createRenderer, //0, //0, //48, //basebmp/source/bitmapdevice.cxx, //1783
sal::systools::COMReference::QueryInterface, //0, //0, //10, //include/systools/win32/comtools.hxx, //109
comphelper::intersperse, //0, //0, //17, //include/comphelper/stl_types.hxx, //168
comphelper::mem_fun, //0, //0, //4, //include/comphelper/stl_types.hxx, //130
oox::drawingml::lcl_SequenceToVectorAppend, //0, //0, //6, //oox/source/export/chartexport.cxx, //140
comphelper::arrayToSequence, //0, //0, //6, //include/comphelper/sequence.hxx, //206
comphelper::concatSequences, //0, //0, //12, //include/comphelper/sequence.hxx, //55
comphelper::concatSequences, //0, //0, //14, //include/comphelper/sequence.hxx, //74
comphelper::containerToSequence, //0, //0, //6, //include/comphelper/sequence.hxx, //267
comphelper::containerToSequence, //0, //0, //6, //include/comphelper/sequence.hxx, //275
comphelper::internal::implCopySequence, //0, //0, //5, //include/comphelper/sequence.hxx, //46
comphelper::removeElementAt, //0, //0, //10, //include/comphelper/sequence.hxx, //95
comphelper::sequenceToArray, //0, //0, //5, //include/comphelper/sequence.hxx, //237
comphelper::sequenceToContainer, //0, //0, //6, //include/comphelper/sequence.hxx, //307
comphelper::sequenceToContainer, //0, //0, //6, //include/comphelper/sequence.hxx, //345
SVGTextWriter::implGetTextPosition, //0, //0, //12, //filter/source/svg/svgwriter.cxx, //487
slideshow::internal::fireAllEvents, //3, //1, //7, //slideshow/source/engine/usereventqueue.cxx, //99
slideshow::internal::fireSingleEvent, //3, //1, //11, //slideshow/source/engine/usereventqueue.cxx, //77
slideshow::internal::makeInterruptableDelay, //0, //0, //9, //slideshow/source/inc/interruptabledelayevent.hxx, //126
get_flag, //0, //0, //2, //sw/source/filter/ww8/ww8par.hxx, //466
ooo::vba::excel::getImplFromDocModuleWrapper, //0, //0, //10, //sc/source/ui/vba/excelvbahelper.hxx, //75
slideshow::internal::iterateActionClassifications, //2, //1, //106, //slideshow/source/engine/shapes/drawshapesubsetting.cxx, //457
test, //0, //0, //80, //ucb/workben/cachemap/cachemaptest.cxx, //44
lclIsAutoAnyOrGetValue, //2, //2, //4, //sc/source/filter/excel/xechart.cxx, //166
lclSaveRecord, //0, //0, //8, //sc/source/filter/excel/xechart.cxx, //138
lclSaveRecord, //0, //0, //8, //sc/source/filter/excel/xechart.cxx, //148
accessibility::makeSortedPair, //0, //0, //8, //svx/source/accessibility/AccessibleTextHelper.cxx, //103
basebmp::is_negative, //0, //0, //4, //include/basebmp/metafunctions.hxx, //113
stringresource::BinaryOutput::write16BitInt, //1, //1, //12, //scripting/source/stringresource/stringresource.cxx, //1289
dbaui::lcl_setListener, //0, //0, //10, //dbaccess/source/ui/browser/dbexchange.cxx, //46
operator<<, //5, //1, //9, //sw/inc/swrect.hxx, //349
slideshow::internal::makeBinaryFunctionFunctor, //0, //0, //6, //slideshow/source/engine/smilfunctionparser.cxx, //351
slideshow::internal::makeShapeBoundsFunctor, //0, //0, //6, //slideshow/source/engine/smilfunctionparser.cxx, //113
slideshow::internal::makeUnaryFunctionFunctor, //0, //0, //6, //slideshow/source/engine/smilfunctionparser.cxx, //277
insert_value, //0, //0, //6, //sc/source/filter/inc/ftools.hxx, //115
limit_cast, //1, //1, //2, //sc/source/filter/inc/ftools.hxx, //81
llimit_cast, //1, //1, //2, //sc/source/filter/inc/ftools.hxx, //56
llimit_cast, //1, //1, //2, //sc/source/filter/inc/ftools.hxx, //61
cppu::detail::cppu_detail_getUnoType, //2, //1, //11, //include/cppu/unotype.hxx, //200
cppu::detail::cppu_detail_getUnoType, //2, //1, //7, //include/cppu/unotype.hxx, //213
cppu::detail::cppu_detail_getUnoType, //1, //1, //6, //include/cppu/unotype.hxx, //233
cppu::getTypeFavourChar, //0, //0, //4, //include/cppu/unotype.hxx, //334
com::sun::star::uno::get_pointer, //0, //0, //4, //include/com/sun/star/uno/Reference.h, //562
lcl_VectorToSequence, //0, //0, //7, //sc/source/ui/unoobj/chart2uno.cxx, //103
assertEqual, //0, //0, //8, //stoc/test/tdmanager/testtdmanager.cxx, //105
rtl::OStringBuffer::append, //2, //1, //4, //include/rtl/strbuf.hxx, //460
basegfx::processActiveEdges, //6, //1, //43, //basegfx/source/range/b2drangeclipper.cxx, //740
basegfx::processActiveEdgesBottomUp, //2, //1, //14, //basegfx/source/range/b2drangeclipper.cxx, //817
basegfx::processActiveEdgesTopDown, //2, //1, //14, //basegfx/source/range/b2drangeclipper.cxx, //802
tryDispose, //0, //0, //15, //dbaccess/source/core/api/KeySet.cxx, //88
ComPtr::query, //0, //0, //4, //fpicker/source/win32/filepicker/comptr.hxx, //180
lcl_GetValue, //0, //0, //5, //sc/source/ui/view/output2.cxx, //271
slideshow::internal::PointerSymbol::for_each_sprite, //0, //0, //8, //slideshow/source/engine/pointersymbol.hxx, //75
sfx2::lcl_initModifiers, //0, //0, //12, //sfx2/source/view/userinputinterception.cxx, //74
basebmp::scaleImage, //0, //0, //41, //include/basebmp/scaleimage.hxx, //114
basebmp::scaleLine, //0, //0, //41, //include/basebmp/scaleimage.hxx, //35
rtl::Allocator::Allocator, //0, //0, //2, //include/rtl/allocator.hxx, //79
ulimit_cast, //1, //1, //2, //sw/source/filter/ww8/ww8par.hxx, //475
ulimit_cast, //1, //1, //2, //sw/source/filter/ww8/ww8par.hxx, //470
basebmp::fillImage, //0, //0, //17, //include/basebmp/fillimage.hxx, //30
slideshow::internal::Delay::Delay, //0, //0, //5, //slideshow/source/inc/delayevent.hxx, //38
slideshow::internal::makeDelay_, //0, //0, //4, //slideshow/source/inc/delayevent.hxx, //78
slideshow::internal::makeEvent_, //0, //0, //4, //slideshow/source/inc/delayevent.hxx, //91
slideshow::internal::FunctionApply::apply, //0, //0, //6, //slideshow/source/inc/listenercontainer.hxx, //65
slideshow::internal::FunctionApply::apply, //0, //0, //7, //slideshow/source/inc/listenercontainer.hxx, //75
slideshow::internal::ListenerContainerBase::apply, //0, //0, //17, //slideshow/source/inc/listenercontainer.hxx, //381
slideshow::internal::ListenerContainerBase::applyAll, //0, //0, //17, //slideshow/source/inc/listenercontainer.hxx, //417
slideshow::internal::ListenerOperations::notifyAllListeners, //0, //0, //19, //slideshow/source/inc/listenercontainer.hxx, //104
slideshow::internal::ListenerOperations::notifySingleListener, //0, //0, //8, //slideshow/source/inc/listenercontainer.hxx, //89
slideshow::internal::ListenerOperations::pruneListeners, //0, //0, //3, //slideshow/source/inc/listenercontainer.hxx, //130
basebmp::GenericColorImageAccessor::operator(), //0, //0, //2, //include/basebmp/genericcolorimageaccessor.hxx, //53
basebmp::GenericColorImageAccessor::operator(), //0, //0, //3, //include/basebmp/genericcolorimageaccessor.hxx, //57
basebmp::GenericColorImageAccessor::set, //0, //0, //3, //include/basebmp/genericcolorimageaccessor.hxx, //62
basebmp::GenericColorImageAccessor::set, //0, //0, //4, //include/basebmp/genericcolorimageaccessor.hxx, //67
lclConvertToPropertySet, //0, //0, //16, //chart2/source/controller/itemsetwrapper/StatisticsItemConverter.cxx, //205
stoc_connector::notifyListeners, //0, //0, //13, //io/source/connector/ctr_socket.cxx, //34
connectivity::java::sql::ConnectionLog::log, //0, //0, //4, //connectivity/source/inc/java/sql/ConnectionLog.hxx, //98
connectivity::java::sql::ConnectionLog::log, //0, //0, //4, //connectivity/source/inc/java/sql/ConnectionLog.hxx, //104
connectivity::java::sql::ConnectionLog::log, //0, //0, //4, //connectivity/source/inc/java/sql/ConnectionLog.hxx, //110
connectivity::java::sql::ConnectionLog::log, //0, //0, //4, //connectivity/source/inc/java/sql/ConnectionLog.hxx, //116
connectivity::java::sql::ConnectionLog::log, //0, //0, //4, //connectivity/source/inc/java/sql/ConnectionLog.hxx, //122
comphelper::tryPropertyValue, //0, //0, //13, //include/comphelper/property.hxx, //120
comphelper::tryPropertyValueEnum, //0, //0, //16, //include/comphelper/property.hxx, //144

